session,market_time,recorded_at,v9_gbp,vwrp_gbp,passive_mix_gbp,passive_scaled_gbp,trend_unscaled_gbp,vwrp_scaled_gbp,cash_gbp,receivables_gbp,costs_gbp,holdings
2026-09-22,2026-09-22 15:30:00+00:00,2026-09-22 20:07:16.287124+00:00,1000.0,1000.0,1000.0,1000.0,1000.0,1000.0,1000.0,0,0.0,{}
2026-09-23,2026-09-23 15:30:00+00:00,2026-09-23 17:46:44.606188+00:00,1000.0,1000.0,1000.0,1000.0,1000.0,1000.0,1000.0,0,0.0,{}
2026-09-24,2026-09-24 15:30:00+00:00,2026-09-24 17:47:04.033169+00:00,1000.0,1000.0,1000.0,1000.0,1000.0,1000.0,1000.0,0,0.0,{}
2026-09-25,2026-09-25 15:30:00+00:00,2026-09-25 17:49:25.143274+00:00,1000.0,1000.0,1000.0,1000.0,1000.0,1000.0,1000.0,0,0.0,{}
2026-09-28,2026-09-28 15:30:00+00:00,2026-09-28 17:50:19.692713+00:00,1000.0,1000.0,1000.0,1000.0,1000.0,1000.0,1000.0,0,0.0,{}
2026-09-29,2026-09-29 15:30:00+00:00,2026-09-29 17:50:55.249391+00:00,1000.0,1000.0,1000.0,1000.0,1000.0,1000.0,1000.0,0,0.0,{}
2026-09-30,2026-09-30 15:30:00+00:00,2026-09-30 17:50:37.674224+00:00,1000.0,1000.0,1000.0,1000.0,1000.0,1000.0,1000.0,0,0.0,{}
2026-10-01,2026-10-01 15:30:00+00:00,2026-10-01 17:52:27.989556+00:00,368.5152334089355,999.260696015564,999.260696015564,999.495216013916,999.495216013916,999.3075520263671,999.3075520263671,0,0.5047839860839844,"{""IGLT.L"": 8, ""SGLN.L"": 2, ""VWRP.L"": 3}"
2026-10-02,2026-10-02 15:30:00+00:00,2026-10-02 17:50:06.619597+00:00,368.5152334089355,1002.9557077648315,1002.9557077648315,1003.1952208967284,1003.1952208967284,1007.4675556884765,1007.4675556884765,0,0.5047839860839844,"{""IGLT.L"": 8, ""SGLN.L"": 2, ""VWRP.L"": 3}"
2026-10-05,2026-10-05 15:30:00+00:00,2026-10-05 17:52:40.866137+00:00,368.5152334089355,1004.9357014324341,1004.9357014324341,1005.9752138776855,1005.9752138776855,1013.827541040039,1013.827541040039,0,0.5047839860839844,"{""IGLT.L"": 8, ""SGLN.L"": 2, ""VWRP.L"": 3}"
2026-10-06,2026-10-06 15:30:00+00:00,2026-10-06 21:52:56.337293+00:00,368.5152334089355,1007.5507053997192,1007.5507053997192,1007.8952150983887,1007.8952150983887,1016.827541040039,1016.827541040039,0,0.5047839860839844,"{""IGLT.L"": 8, ""SGLN.L"": 2, ""VWRP.L"": 3}"
2026-10-07,2026-10-07 15:30:00+00:00,2026-10-07 22:14:59.406662+00:00,368.5152334089355,1002.110718217102,1002.110718217102,1004.1752443952637,1004.1752443952637,1012.0276142822265,1012.0276142822265,0,0.5047839860839844,"{""IGLT.L"": 8, ""SGLN.L"": 2, ""VWRP.L"": 3}"
2026-10-08,2026-10-08 15:30:00+00:00,2026-10-08 22:25:20.965014+00:00,368.5152334089355,999.690694489685,999.690694489685,1002.015211741455,1002.015211741455,1007.827541040039,1007.827541040039,0,0.5047839860839844,"{""IGLT.L"": 8, ""SGLN.L"": 2, ""VWRP.L"": 3}"
2026-10-09,2026-10-09 15:30:00+00:00,2026-10-09 21:52:08.069165+00:00,368.5152334089355,1005.9707200481566,1005.9707200481566,1005.8952462263184,1005.8952462263184,1011.1876179443359,1011.1876179443359,0,0.5047839860839844,"{""IGLT.L"": 8, ""SGLN.L"": 2, ""VWRP.L"": 3}"
