id,decision_id,book,session,recorded_at,ticker,quantity,reference_price_gbp,notional_gbp,cost_gbp,status
833633785ee1:2026-09:passive_mix:VWRP.L,833633785ee1:2026-09,passive_mix,2026-10-01,2026-10-01 17:52:27.989556+00:00,VWRP.L,3,144.25999450683594,432.7799835205078,0.34622398681640626,SIMULATED_FILL
833633785ee1:2026-09:passive_mix:IGLT.L,833633785ee1:2026-09,passive_mix,2026-10-01,2026-10-01 17:52:27.989556+00:00,IGLT.L,26,9.494999885559082,246.86999702453613,0.1974959976196289,SIMULATED_FILL
833633785ee1:2026-09:passive_mix:SGLN.L,833633785ee1:2026-09,passive_mix,2026-10-01,2026-10-01 17:52:27.989556+00:00,SGLN.L,4,61.120000000000005,244.48000000000002,0.19558400000000004,SIMULATED_FILL
833633785ee1:2026-09:passive_scaled:VWRP.L,833633785ee1:2026-09,passive_scaled,2026-10-01,2026-10-01 17:52:27.989556+00:00,VWRP.L,3,144.25999450683594,432.7799835205078,0.34622398681640626,SIMULATED_FILL
833633785ee1:2026-09:passive_scaled:IGLT.L,833633785ee1:2026-09,passive_scaled,2026-10-01,2026-10-01 17:52:27.989556+00:00,IGLT.L,26,9.494999885559082,246.86999702453613,0.1974959976196289,SIMULATED_FILL
833633785ee1:2026-09:passive_scaled:SGLN.L,833633785ee1:2026-09,passive_scaled,2026-10-01,2026-10-01 17:52:27.989556+00:00,SGLN.L,4,61.120000000000005,244.48000000000002,0.19558400000000004,SIMULATED_FILL
833633785ee1:2026-09:trend_unscaled:VWRP.L,833633785ee1:2026-09,trend_unscaled,2026-10-01,2026-10-01 17:52:27.989556+00:00,VWRP.L,3,144.25999450683594,432.7799835205078,0.34622398681640626,SIMULATED_FILL
833633785ee1:2026-09:trend_unscaled:IGLT.L,833633785ee1:2026-09,trend_unscaled,2026-10-01,2026-10-01 17:52:27.989556+00:00,IGLT.L,8,9.494999885559082,75.95999908447266,0.06076799926757813,SIMULATED_FILL
833633785ee1:2026-09:trend_unscaled:SGLN.L,833633785ee1:2026-09,trend_unscaled,2026-10-01,2026-10-01 17:52:27.989556+00:00,SGLN.L,2,61.120000000000005,122.24000000000001,0.09779200000000002,SIMULATED_FILL
833633785ee1:2026-09:v9:VWRP.L,833633785ee1:2026-09,v9,2026-10-01,2026-10-01 17:52:27.989556+00:00,VWRP.L,3,144.25999450683594,432.7799835205078,0.34622398681640626,SIMULATED_FILL
833633785ee1:2026-09:v9:IGLT.L,833633785ee1:2026-09,v9,2026-10-01,2026-10-01 17:52:27.989556+00:00,IGLT.L,8,9.494999885559082,75.95999908447266,0.06076799926757813,SIMULATED_FILL
833633785ee1:2026-09:v9:SGLN.L,833633785ee1:2026-09,v9,2026-10-01,2026-10-01 17:52:27.989556+00:00,SGLN.L,2,61.120000000000005,122.24000000000001,0.09779200000000002,SIMULATED_FILL
833633785ee1:2026-09:vwrp:VWRP.L,833633785ee1:2026-09,vwrp,2026-10-01,2026-10-01 17:52:27.989556+00:00,VWRP.L,6,144.25999450683594,865.5599670410156,0.6924479736328125,SIMULATED_FILL
833633785ee1:2026-09:vwrp_scaled:VWRP.L,833633785ee1:2026-09,vwrp_scaled,2026-10-01,2026-10-01 17:52:27.989556+00:00,VWRP.L,6,144.25999450683594,865.5599670410156,0.6924479736328125,SIMULATED_FILL
