,Open,High,Low,Close,Adj Close,Volume,Dividends,Stock Splits,Capital Gains,V9 Source
2024-09-30,10.385000228881836,10.422499656677246,10.380000114440918,10.40250015258789,9.351034164428711,1691754.0,0.0,0.0,0.0,Yahoo_daily
2024-10-01,10.420000076293945,10.479999542236328,10.399999618530273,10.449999809265137,9.393733024597168,422945.0,0.0,0.0,0.0,Yahoo_daily
2024-10-02,10.460000038146973,10.460000038146973,10.375,10.395000457763672,9.344292640686035,267199.0,0.0,0.0,0.0,Yahoo_daily
2024-10-03,10.3774995803833,10.415900230407715,10.375,10.40999984741211,9.35777473449707,624510.0,0.0,0.0,0.0,Yahoo_daily
2024-10-04,10.380000114440918,10.397500038146973,10.3100004196167,10.317500114440918,9.274625778198242,275643.0,0.0,0.0,0.0,Yahoo_daily
2024-10-07,10.319999694824219,10.319999694824219,10.262499809265137,10.262499809265137,9.22518539428711,634087.0,0.0,0.0,0.0,Yahoo_daily
2024-10-08,10.300000190734863,10.305000305175781,10.2475004196167,10.272500038146973,9.234174728393555,301296.0,0.0,0.0,0.0,Yahoo_daily
2024-10-09,10.332500457763672,10.47249984741211,10.272500038146973,10.279999732971191,9.24091625213623,455002.0,0.0,0.0,0.0,Yahoo_daily
2024-10-10,10.292499542236328,10.292499542236328,10.232500076293945,10.25,9.213948249816895,361333.0,0.0,0.0,0.0,Yahoo_daily
2024-10-11,10.260000228881836,10.287500381469727,10.234700202941895,10.272500038146973,9.234174728393555,209566.0,0.0,0.0,0.0,Yahoo_daily
2024-10-14,10.260000228881836,10.309000015258789,10.209500312805176,10.2475004196167,9.211701393127441,436111.0,0.0,0.0,0.0,Yahoo_daily
2024-10-15,10.300000190734863,10.319999694824219,10.2475004196167,10.319999694824219,9.276872634887695,386959.0,0.0,0.0,0.0,Yahoo_daily
2024-10-16,10.319999694824219,10.4375,10.3149995803833,10.407500267028809,9.355528831481934,438812.0,0.0,0.0,0.0,Yahoo_daily
2024-10-17,10.414999961853027,10.414999961853027,10.357500076293945,10.390000343322754,9.339797019958496,325713.0,0.0,0.0,0.0,Yahoo_daily
2024-10-18,10.329999923706055,10.414999961853027,10.329999923706055,10.407500267028809,9.355528831481934,382461.0,0.0,0.0,0.0,Yahoo_daily
2024-10-21,10.40250015258789,10.432499885559082,10.345000267028809,10.345000267028809,9.299346923828125,328372.0,0.0,0.0,0.0,Yahoo_daily
2024-10-22,10.317500114440918,10.353300094604492,10.295000076293945,10.3149995803833,9.272377014160156,430579.0,0.0,0.0,0.0,Yahoo_daily
2024-10-23,10.287500381469727,10.342499732971191,10.262499809265137,10.27750015258789,9.238669395446777,268738.0,0.0,0.0,0.0,Yahoo_daily
2024-10-24,10.27750015258789,10.297499656677246,10.212499618530273,10.267499923706055,9.229679107666016,604025.0,0.0,0.0,0.0,Yahoo_daily
2024-10-25,10.289999961853027,10.305299758911133,10.267499923706055,10.295000076293945,9.254399299621582,315694.0,0.0,0.0,0.0,Yahoo_daily
2024-10-28,10.2475004196167,10.32349967956543,10.227499961853027,10.274999618530273,9.236420631408691,277078.0,0.0,0.0,0.0,Yahoo_daily
2024-10-29,10.287500381469727,10.287500381469727,10.22249984741211,10.22249984741211,9.189228057861328,612840.0,0.0,0.0,0.0,Yahoo_daily
2024-10-30,10.295000076293945,10.331399917602539,10.161879539489746,10.225000381469727,9.191475868225098,605068.0,0.0,0.0,0.0,Yahoo_daily
2024-10-31,10.142499923706055,10.1899995803833,10.079999923706055,10.135000228881836,9.110570907592773,4525863.0,0.0,0.0,0.0,Yahoo_daily
2024-11-01,10.074999809265137,10.185199737548828,10.0024995803833,10.125,9.101582527160645,2623322.0,0.0,0.0,0.0,Yahoo_daily
2024-11-04,10.172499656677246,10.1850004196167,10.107500076293945,10.112500190734863,9.090346336364746,318684.0,0.0,0.0,0.0,Yahoo_daily
2024-11-05,10.132499694824219,10.132499694824219,10.067500114440918,10.079999923706055,9.061131477355957,361841.0,0.0,0.0,0.0,Yahoo_daily
2024-11-06,10.09749984741211,10.114999771118164,10.022500038146973,10.0600004196167,9.043153762817383,478091.0,0.0,0.0,0.0,Yahoo_daily
2024-11-07,10.100000381469727,10.117500305175781,10.029999732971191,10.087499618530273,9.06787395477295,537833.0,0.0,0.0,0.0,Yahoo_daily
2024-11-08,10.154999732971191,10.162500381469727,10.092499732971191,10.145000457763672,9.119562149047852,441003.0,0.0,0.0,0.0,Yahoo_daily
2024-11-11,10.1899995803833,10.1899995803833,10.125,10.167499542236328,9.139787673950195,1117736.0,0.0,0.0,0.0,Yahoo_daily
2024-11-12,10.145000457763672,10.182499885559082,10.1225004196167,10.1225004196167,9.099335670471191,596853.0,0.0,0.0,0.0,Yahoo_daily
2024-11-13,10.1225004196167,10.149999618530273,10.077500343322754,10.102499961853027,9.0813570022583,386150.0,0.0,0.0,0.0,Yahoo_daily
2024-11-14,9.850000381469727,9.9350004196167,9.842419624328613,9.9350004196167,9.113463401794434,250944.0,0.2025,0.0,0.0,Yahoo_daily
2024-11-15,9.757499694824219,9.942500114440918,9.757499694824219,9.927499771118164,9.296059608459473,282848.0,0.2025,0.0,0.0,Yahoo_daily
2024-11-18,9.920000076293945,9.960000038146973,9.897500038146973,9.925000190734863,9.293718338012695,612898.0,0.0,0.0,0.0,Yahoo_daily
2024-11-19,9.930000305175781,9.994999885559082,9.922499656677246,9.947500228881836,9.314787864685059,319512.0,0.0,0.0,0.0,Yahoo_daily
2024-11-20,9.90999984741211,9.952500343322754,9.90250015258789,9.949999809265137,9.317129135131836,397932.0,0.0,0.0,0.0,Yahoo_daily
2024-11-21,9.9399995803833,9.97249984741211,9.907500267028809,9.949999809265137,9.317129135131836,359463.0,0.0,0.0,0.0,Yahoo_daily
2024-11-22,9.932499885559082,10.010000228881836,9.930000305175781,9.987500190734863,9.35224437713623,319907.0,0.0,0.0,0.0,Yahoo_daily
2024-11-25,10.037500381469727,10.0600004196167,10.0,10.042499542236328,9.4037446975708,606218.0,0.0,0.0,0.0,Yahoo_daily
2024-11-26,10.045000076293945,10.045000076293945,10.007499694824219,10.020000457763672,9.38267707824707,286211.0,0.0,0.0,0.0,Yahoo_daily
2024-11-27,10.092499732971191,10.092499732971191,10.039999961853027,10.0649995803833,9.424814224243164,555568.0,0.0,0.0,0.0,Yahoo_daily
2024-11-28,10.260000228881836,10.742500305175781,9.979999542236328,10.082500457763672,9.441201210021973,717924.0,0.0,0.0,0.0,Yahoo_daily
2024-11-29,10.0600004196167,10.1225004196167,10.0600004196167,10.107500076293945,9.464612007141113,651996.0,0.0,0.0,0.0,Yahoo_daily
2024-12-02,10.09000015258789,10.137499809265137,10.085000038146973,10.119999885559082,9.47631549835205,1027522.0,0.0,0.0,0.0,Yahoo_daily
2024-12-03,10.145000457763672,10.145000457763672,10.085000038146973,10.100000381469727,9.457588195800781,391528.0,0.0,0.0,0.0,Yahoo_daily
2024-12-04,10.095000267028809,10.109999656677246,10.0600004196167,10.104999542236328,9.46226978302002,404567.0,0.0,0.0,0.0,Yahoo_daily
2024-12-05,10.112500190734863,10.1274995803833,10.072500228881836,10.074999809265137,9.434178352355957,458073.0,0.0,0.0,0.0,Yahoo_daily
2024-12-06,10.074999809265137,10.117500305175781,10.0600004196167,10.069999694824219,9.429495811462402,604042.0,0.0,0.0,0.0,Yahoo_daily
2024-12-09,10.079999923706055,10.114999771118164,10.074999809265137,10.079999923706055,9.438859939575195,242609.0,0.0,0.0,0.0,Yahoo_daily
2024-12-10,10.042499542236328,10.087499618530273,10.029999732971191,10.039999961853027,9.40140438079834,849255.0,0.0,0.0,0.0,Yahoo_daily
2024-12-11,10.057499885559082,10.067500114440918,10.017499923706055,10.029999732971191,9.392040252685547,982092.0,0.0,0.0,0.0,Yahoo_daily
2024-12-12,10.069999694824219,10.069999694824219,9.992500305175781,10.020000457763672,9.38267707824707,412906.0,0.0,0.0,0.0,Yahoo_daily
2024-12-13,9.984999656677246,10.02750015258789,9.977499961853027,9.977499961853027,9.342880249023438,359082.0,0.0,0.0,0.0,Yahoo_daily
2024-12-16,10.012499809265137,10.012499809265137,9.947500228881836,9.947500228881836,9.314787864685059,231948.0,0.0,0.0,0.0,Yahoo_daily
2024-12-17,9.987500190734863,9.987500190734863,9.892499923706055,9.907500267028809,9.277332305908203,641084.0,0.0,0.0,0.0,Yahoo_daily
2024-12-18,9.9399995803833,9.9399995803833,9.862500190734863,9.887499809265137,9.2586030960083,658676.0,0.0,0.0,0.0,Yahoo_daily
2024-12-19,9.850000381469727,9.887499809265137,9.802499771118164,9.863750457763672,9.236366271972656,928727.0,0.0,0.0,0.0,Yahoo_daily
2024-12-20,9.930000305175781,10.0,9.805000305175781,9.914999961853027,9.284355163574219,469580.0,0.0,0.0,0.0,Yahoo_daily
2024-12-23,9.864999771118164,9.912500381469727,9.864999771118164,9.885000228881836,9.256263732910156,229904.0,0.0,0.0,0.0,Yahoo_daily
2024-12-24,9.8100004196167,9.890000343322754,9.8100004196167,9.890000343322754,9.260946273803711,103762.0,0.0,0.0,0.0,Yahoo_daily
2024-12-27,9.869999885559082,9.869999885559082,9.81624984741211,9.835000038146973,9.209444046020508,262865.0,0.0,0.0,0.0,Yahoo_daily
2024-12-30,9.845000267028809,9.862500190734863,9.8125,9.84749984741211,9.221148490905762,128866.0,0.0,0.0,0.0,Yahoo_daily
2024-12-31,9.875,10.067500114440918,9.832500457763672,9.880000114440918,9.251581192016602,80765.0,0.0,0.0,0.0,Yahoo_daily
2025-01-02,9.890000343322754,9.920000076293945,9.845000267028809,9.859999656677246,9.232853889465332,374470.0,0.0,0.0,0.0,Yahoo_daily
2025-01-03,9.869999885559082,9.897500038146973,9.852499961853027,9.852499961853027,9.225830078125,1106698.0,0.0,0.0,0.0,Yahoo_daily
2025-01-06,9.867500305175781,9.8725004196167,9.829999923706055,9.84000015258789,9.214125633239746,230829.0,0.0,0.0,0.0,Yahoo_daily
2025-01-07,9.84000015258789,9.869999885559082,9.792499542236328,9.807499885559082,9.18369197845459,364326.0,0.0,0.0,0.0,Yahoo_daily
2025-01-08,9.84000015258789,9.84000015258789,9.698399543762207,9.732500076293945,9.113462448120117,515153.0,0.0,0.0,0.0,Yahoo_daily
2025-01-09,9.732500076293945,9.742500305175781,9.602499961853027,9.737500190734863,9.118145942687988,983848.0,0.0,0.0,0.0,Yahoo_daily
2025-01-10,9.717499732971191,9.723099708557129,9.667499542236328,9.710000038146973,9.09239387512207,581250.0,0.0,0.0,0.0,Yahoo_daily
2025-01-13,9.680000305175781,9.707500457763672,9.65250015258789,9.6899995803833,9.073665618896484,551802.0,0.0,0.0,0.0,Yahoo_daily
2025-01-14,9.677499771118164,9.727499961853027,9.670000076293945,9.670000076293945,9.054938316345215,645389.0,0.0,0.0,0.0,Yahoo_daily
2025-01-15,9.682499885559082,9.819999694824219,9.680000305175781,9.789999961853027,9.167305946350098,777206.0,0.0,0.0,0.0,Yahoo_daily
2025-01-16,9.805000305175781,9.842499732971191,9.767499923706055,9.838749885559082,9.2129545211792,256951.0,0.0,0.0,0.0,Yahoo_daily
2025-01-17,9.739999771118164,9.890000343322754,9.739999771118164,9.854999542236328,9.228171348571777,750629.0,0.0,0.0,0.0,Yahoo_daily
2025-01-20,9.854999542236328,9.907500267028809,9.8125,9.84749984741211,9.221148490905762,5475310.0,0.0,0.0,0.0,Yahoo_daily
2025-01-21,9.842499732971191,9.904999732971191,9.837499618530273,9.904999732971191,9.274991035461426,957294.0,0.0,0.0,0.0,Yahoo_daily
2025-01-22,9.907500267028809,9.914999961853027,9.869999885559082,9.880000114440918,9.251581192016602,301862.0,0.0,0.0,0.0,Yahoo_daily
2025-01-23,9.862500190734863,9.897500038146973,9.859999656677246,9.890000343322754,9.260946273803711,514310.0,0.0,0.0,0.0,Yahoo_daily
2025-01-24,9.904999732971191,9.914999961853027,9.850000381469727,9.875,9.246899604797363,352004.0,0.0,0.0,0.0,Yahoo_daily
2025-01-27,9.9399995803833,9.9399995803833,9.892499923706055,9.922499656677246,9.291377067565918,606798.0,0.0,0.0,0.0,Yahoo_daily
2025-01-28,9.90999984741211,9.932499885559082,9.890000343322754,9.90250015258789,9.272649765014648,430833.0,0.0,0.0,0.0,Yahoo_daily
2025-01-29,9.927499771118164,9.93554973602295,9.890000343322754,9.890000343322754,9.260946273803711,407943.0,0.0,0.0,0.0,Yahoo_daily
2025-01-30,9.899999618530273,9.962499618530273,9.899999618530273,9.942500114440918,9.31010627746582,1255199.0,0.0,0.0,0.0,Yahoo_daily
2025-01-31,9.9350004196167,9.977499961853027,9.920000076293945,9.942500114440918,9.31010627746582,1054379.0,0.0,0.0,0.0,Yahoo_daily
2025-02-03,9.850000381469727,10.020000457763672,9.850000381469727,9.989999771118164,9.354584693908691,1085746.0,0.0,0.0,0.0,Yahoo_daily
2025-02-04,9.987500190734863,9.987500190734863,9.925000190734863,9.96500015258789,9.331174850463867,630714.0,0.0,0.0,0.0,Yahoo_daily
2025-02-05,9.979999542236328,10.042499542236328,9.97249984741211,10.029999732971191,9.392040252685547,464757.0,0.0,0.0,0.0,Yahoo_daily
2025-02-06,10.042499542236328,10.095000267028809,10.0024995803833,10.010000228881836,9.373312950134277,789982.0,0.0,0.0,0.0,Yahoo_daily
2025-02-07,10.0,10.055000305175781,9.984999656677246,10.0024995803833,9.366289138793945,810840.0,0.0,0.0,0.0,Yahoo_daily
2025-02-10,10.022500038146973,10.042499542236328,9.977499961853027,10.010000228881836,9.373312950134277,464409.0,0.0,0.0,0.0,Yahoo_daily
2025-02-11,10.017499923706055,10.029999732971191,9.975000381469727,9.9975004196167,9.361607551574707,327795.0,0.0,0.0,0.0,Yahoo_daily
2025-02-12,9.9975004196167,9.9975004196167,9.933300018310547,9.953749656677246,9.320639610290527,462863.0,0.0,0.0,0.0,Yahoo_daily
2025-02-13,9.947500228881836,10.020000457763672,9.932499885559082,10.005000114440918,9.368630409240723,547618.0,0.0,0.0,0.0,Yahoo_daily
2025-02-14,10.050000190734863,10.050000190734863,9.97249984741211,10.012499809265137,9.375654220581055,345756.0,0.0,0.0,0.0,Yahoo_daily
2025-02-17,9.927499771118164,9.989999771118164,9.922499656677246,9.984999656677246,9.349902153015137,366218.0,0.0,0.0,0.0,Yahoo_daily
2025-02-18,9.970000267028809,9.97249984741211,9.9350004196167,9.954999923706055,9.32181167602539,555173.0,0.0,0.0,0.0,Yahoo_daily
2025-02-19,9.922499656677246,9.960000038146973,9.90999984741211,9.917499542236328,9.28669548034668,868251.0,0.0,0.0,0.0,Yahoo_daily
2025-02-20,9.920000076293945,9.944999694824219,9.899999618530273,9.932499885559082,9.300743103027344,440435.0,0.0,0.0,0.0,Yahoo_daily
2025-02-21,9.899999618530273,9.960000038146973,9.899999618530273,9.954999923706055,9.32181167602539,348446.0,0.0,0.0,0.0,Yahoo_daily
2025-02-24,9.979999542236328,9.979999542236328,9.930000305175781,9.958749771118164,9.325323104858398,4038561.0,0.0,0.0,0.0,Yahoo_daily
2025-02-25,9.970000267028809,10.024999618530273,9.967499732971191,10.0024995803833,9.366289138793945,603208.0,0.0,0.0,0.0,Yahoo_daily
2025-02-26,9.987500190734863,10.037500381469727,9.987500190734863,10.005000114440918,9.368630409240723,311910.0,0.0,0.0,0.0,Yahoo_daily
2025-02-27,10.015000343322754,10.045000076293945,9.984999656677246,9.994999885559082,9.35926628112793,477243.0,0.0,0.0,0.0,Yahoo_daily
2025-02-28,10.045000076293945,10.045000076293945,10.005000114440918,10.022500038146973,9.385017395019531,2260960.0,0.0,0.0,0.0,Yahoo_daily
2025-03-03,10.007499694824219,10.039999961853027,9.962499618530273,10.0,9.363948822021484,549844.0,0.0,0.0,0.0,Yahoo_daily
2025-03-04,10.0024995803833,10.050000190734863,10.0024995803833,10.022500038146973,9.385017395019531,510495.0,0.0,0.0,0.0,Yahoo_daily
2025-03-05,10.050000190734863,10.050000190734863,9.890000343322754,9.920000076293945,9.289037704467773,363797.0,0.0,0.0,0.0,Yahoo_daily
2025-03-06,9.84749984741211,10.0,9.829099655151367,9.914999961853027,9.284355163574219,858282.0,0.0,0.0,0.0,Yahoo_daily
2025-03-07,9.925000190734863,9.979999542236328,9.895000457763672,9.9350004196167,9.303083419799805,592676.0,0.0,0.0,0.0,Yahoo_daily
2025-03-10,9.952500343322754,9.977499961853027,9.9375,9.9375,9.305423736572266,1041306.0,0.0,0.0,0.0,Yahoo_daily
2025-03-11,9.895000457763672,9.975000381469727,9.890899658203125,9.913749694824219,9.283184051513672,313856.0,0.0,0.0,0.0,Yahoo_daily
2025-03-12,9.887499809265137,9.930000305175781,9.867500305175781,9.8725004196167,9.244559288024902,323198.0,0.0,0.0,0.0,Yahoo_daily
2025-03-13,9.869999885559082,9.932499885559082,9.859999656677246,9.904999732971191,9.274991035461426,381047.0,0.0,0.0,0.0,Yahoo_daily
2025-03-14,9.954999923706055,9.970000267028809,9.890000343322754,9.930000305175781,9.298401832580566,383325.0,0.0,0.0,0.0,Yahoo_daily
2025-03-17,9.904999732971191,9.977499961853027,9.904999732971191,9.977499961853027,9.342880249023438,512051.0,0.0,0.0,0.0,Yahoo_daily
2025-03-18,9.967499732971191,9.985799789428711,9.917699813842773,9.947500228881836,9.314787864685059,318464.0,0.0,0.0,0.0,Yahoo_daily
2025-03-19,9.954999923706055,10.012499809265137,9.942500114440918,9.962499618530273,9.32883358001709,326032.0,0.0,0.0,0.0,Yahoo_daily
2025-03-20,9.899999618530273,10.022500038146973,9.899999618530273,9.960000038146973,9.326492309570312,725665.0,0.0,0.0,0.0,Yahoo_daily
2025-03-21,9.9350004196167,9.960000038146973,9.899999618530273,9.899999618530273,9.270308494567871,496052.0,0.0,0.0,0.0,Yahoo_daily
2025-03-24,9.897500038146973,9.942500114440918,9.862500190734863,9.895000457763672,9.26562786102295,713596.0,0.0,0.0,0.0,Yahoo_daily
2025-03-25,9.880000114440918,9.895000457763672,9.852499961853027,9.859999656677246,9.232853889465332,345289.0,0.0,0.0,0.0,Yahoo_daily
2025-03-26,10.050000190734863,10.050000190734863,9.837499618530273,9.892499923706055,9.263286590576172,570991.0,0.0,0.0,0.0,Yahoo_daily
2025-03-27,9.8774995803833,9.920000076293945,9.842100143432617,9.857500076293945,9.230512619018555,456197.0,0.0,0.0,0.0,Yahoo_daily
2025-03-28,9.887499809265137,9.970000267028809,9.882499694824219,9.90999984741211,9.279672622680664,539613.0,0.0,0.0,0.0,Yahoo_daily
2025-03-31,9.930000305175781,9.977499961853027,9.90999984741211,9.930000305175781,9.298401832580566,425535.0,0.0,0.0,0.0,Yahoo_daily
2025-04-01,9.917499542236328,10.0,9.917499542236328,9.962499618530273,9.32883358001709,301810.0,0.0,0.0,0.0,Yahoo_daily
2025-04-02,9.970000267028809,10.0,9.9399995803833,9.949999809265137,9.317129135131836,292839.0,0.0,0.0,0.0,Yahoo_daily
2025-04-03,9.989999771118164,10.055000305175781,9.984999656677246,10.052499771118164,9.413108825683594,505447.0,0.0,0.0,0.0,Yahoo_daily
2025-04-04,10.0600004196167,10.149999618530273,10.0600004196167,10.117500305175781,9.47397518157959,1006123.0,0.0,0.0,0.0,Yahoo_daily
2025-04-07,10.162500381469727,10.1850004196167,9.895000457763672,9.954999923706055,9.32181167602539,1118770.0,0.0,0.0,0.0,Yahoo_daily
2025-04-08,9.979999542236328,10.022500038146973,9.911999702453613,9.944999694824219,9.312446594238281,650188.0,0.0,0.0,0.0,Yahoo_daily
2025-04-09,10.050000190734863,10.050000190734863,9.787799835205078,9.822500228881836,9.197738647460938,606556.0,0.0,0.0,0.0,Yahoo_daily
2025-04-10,9.824999809265137,9.967499732971191,9.802499771118164,9.967499732971191,9.333516120910645,853044.0,0.0,0.0,0.0,Yahoo_daily
2025-04-11,9.800000190734863,9.947500228881836,9.800000190734863,9.895000457763672,9.26562786102295,821705.0,0.0,0.0,0.0,Yahoo_daily
2025-04-14,9.897500038146973,9.957500457763672,9.895000457763672,9.957500457763672,9.324151992797852,282556.0,0.0,0.0,0.0,Yahoo_daily
2025-04-15,9.957500457763672,9.982500076293945,9.925000190734863,9.9375,9.305423736572266,538282.0,0.0,0.0,0.0,Yahoo_daily
2025-04-16,10.039999961853027,10.039999961853027,9.947500228881836,9.989999771118164,9.354584693908691,386457.0,0.0,0.0,0.0,Yahoo_daily
2025-04-17,9.992500305175781,10.02750015258789,9.944999694824219,10.0024995803833,9.366289138793945,313650.0,0.0,0.0,0.0,Yahoo_daily
2025-04-22,10.005000114440918,10.022500038146973,9.960000038146973,10.017499923706055,9.380334854125977,395897.0,0.0,0.0,0.0,Yahoo_daily
2025-04-23,10.010000228881836,10.100000381469727,10.010000228881836,10.015000343322754,9.377995491027832,561817.0,0.0,0.0,0.0,Yahoo_daily
2025-04-24,9.895000457763672,10.085000038146973,9.895000457763672,10.085000038146973,9.443543434143066,328415.0,0.0,0.0,0.0,Yahoo_daily
2025-04-25,10.0625,10.09749984741211,10.03499984741211,10.072500228881836,9.431838035583496,329413.0,0.0,0.0,0.0,Yahoo_daily
2025-04-28,10.0600004196167,10.100000381469727,10.042499542236328,10.069999694824219,9.429495811462402,1219647.0,0.0,0.0,0.0,Yahoo_daily
2025-04-29,10.0,10.100000381469727,10.0,10.079999923706055,9.438859939575195,245439.0,0.0,0.0,0.0,Yahoo_daily
2025-04-30,10.079999923706055,10.132499694824219,10.079999923706055,10.1225004196167,9.478657722473145,2302146.0,0.0,0.0,0.0,Yahoo_daily
2025-05-01,10.149999618530273,10.1850004196167,10.067500114440918,10.067500114440918,9.427155494689941,216752.0,0.0,0.0,0.0,Yahoo_daily
2025-05-02,10.074999809265137,10.1274995803833,10.057499885559082,10.067500114440918,9.427155494689941,403433.0,0.0,0.0,0.0,Yahoo_daily
2025-05-06,10.047499656677246,10.0649995803833,9.989999771118164,10.0649995803833,9.424814224243164,431467.0,0.0,0.0,0.0,Yahoo_daily
2025-05-07,10.055000305175781,10.106499671936035,10.047499656677246,10.102499961853027,9.459928512573242,240069.0,0.0,0.0,0.0,Yahoo_daily
2025-05-08,10.092499732971191,10.117500305175781,10.03499984741211,10.045000076293945,9.406086921691895,458140.0,0.0,0.0,0.0,Yahoo_daily
2025-05-09,10.017499923706055,10.037500381469727,9.989999771118164,10.015000343322754,9.377995491027832,408898.0,0.0,0.0,0.0,Yahoo_daily
2025-05-12,9.987500190734863,9.989999771118164,9.942500114440918,9.975000381469727,9.34053897857666,417764.0,0.0,0.0,0.0,Yahoo_daily
2025-05-13,9.989999771118164,9.989999771118164,9.947500228881836,9.949999809265137,9.317129135131836,380974.0,0.0,0.0,0.0,Yahoo_daily
2025-05-14,9.949999809265137,9.970000267028809,9.90999984741211,9.927499771118164,9.296059608459473,388047.0,0.0,0.0,0.0,Yahoo_daily
2025-05-15,9.977499961853027,9.977499961853027,9.710000038146973,9.7524995803833,9.132190704345703,498712.0,0.0,0.0,0.0,Yahoo_daily
2025-05-16,9.8100004196167,9.8100004196167,9.762499809265137,9.762499809265137,9.338229179382324,332613.0,0.2054,0.0,0.0,Yahoo_daily
2025-05-19,9.765000343322754,9.770000457763672,9.704999923706055,9.767499923706055,9.343012809753418,332823.0,0.0,0.0,0.0,Yahoo_daily
2025-05-20,9.739999771118164,9.800000190734863,9.71500015258789,9.732500076293945,9.309534072875977,443795.0,0.0,0.0,0.0,Yahoo_daily
2025-05-21,9.800000190734863,9.800000190734863,9.670000076293945,9.6850004196167,9.264098167419434,346429.0,0.0,0.0,0.0,Yahoo_daily
2025-05-22,9.694999694824219,9.697500228881836,9.645000457763672,9.692500114440918,9.271271705627441,1140940.0,0.0,0.0,0.0,Yahoo_daily
2025-05-23,9.710000038146973,9.737500190734863,9.680000305175781,9.704999923706055,9.283227920532227,504931.0,0.0,0.0,0.0,Yahoo_daily
2025-05-27,9.767499923706055,9.845000267028809,9.72249984741211,9.760000228881836,9.335838317871094,520235.0,0.0,0.0,0.0,Yahoo_daily
2025-05-28,9.757499694824219,9.757499694824219,9.71500015258789,9.725000381469727,9.302359580993652,1111756.0,0.0,0.0,0.0,Yahoo_daily
2025-05-29,9.72249984741211,9.792499542236328,9.692500114440918,9.792499542236328,9.366925239562988,446457.0,0.0,0.0,0.0,Yahoo_daily
2025-05-30,9.800000190734863,9.805000305175781,9.755000114440918,9.78499984741211,9.35975170135498,274817.0,0.0,0.0,0.0,Yahoo_daily
2025-06-02,9.767499923706055,9.789999961853027,9.734100341796875,9.765000343322754,9.340620994567871,157017.0,0.0,0.0,0.0,Yahoo_daily
2025-06-03,9.782500267028809,9.827500343322754,9.782500267028809,9.805000305175781,9.37888240814209,275752.0,0.0,0.0,0.0,Yahoo_daily
2025-06-04,9.77750015258789,9.84220027923584,9.770000457763672,9.837499618530273,9.409969329833984,465979.0,0.0,0.0,0.0,Yahoo_daily
2025-06-05,9.800000190734863,9.8725004196167,9.800000190734863,9.829999923706055,9.402796745300293,259478.0,0.0,0.0,0.0,Yahoo_daily
2025-06-06,9.827500343322754,9.852499961853027,9.800000190734863,9.807499885559082,9.381274223327637,391961.0,0.0,0.0,0.0,Yahoo_daily
2025-06-09,9.850000381469727,9.8725004196167,9.787500381469727,9.8100004196167,9.383666038513184,162087.0,0.0,0.0,0.0,Yahoo_daily
2025-06-10,9.854999542236328,9.899999618530273,9.837499618530273,9.869999885559082,9.441058158874512,450349.0,0.0,0.0,0.0,Yahoo_daily
2025-06-11,9.850000381469727,9.885000228881836,9.827500343322754,9.859999656677246,9.43149185180664,547963.0,0.0,0.0,0.0,Yahoo_daily
2025-06-12,9.90999984741211,9.954999923706055,9.875,9.9399995803833,9.508014678955078,307815.0,0.0,0.0,0.0,Yahoo_daily
2025-06-13,9.970000267028809,9.970000267028809,9.875,9.885000228881836,9.455405235290527,148392.0,0.0,0.0,0.0,Yahoo_daily
2025-06-16,9.859999656677246,10.0,9.845199584960938,9.890000343322754,9.460188865661621,491863.0,0.0,0.0,0.0,Yahoo_daily
2025-06-17,9.8725004196167,9.914999961853027,9.859999656677246,9.887499809265137,9.457797050476074,500865.0,0.0,0.0,0.0,Yahoo_daily
2025-06-18,9.887499809265137,9.920000076293945,9.859999656677246,9.917499542236328,9.486493110656738,603299.0,0.0,0.0,0.0,Yahoo_daily
2025-06-19,9.805000305175781,9.920000076293945,9.805000305175781,9.875,9.445840835571289,178234.0,0.0,0.0,0.0,Yahoo_daily
2025-06-20,9.922499656677246,9.9375,9.869999885559082,9.895000457763672,9.464971542358398,252498.0,0.0,0.0,0.0,Yahoo_daily
2025-06-23,9.8725004196167,9.9350004196167,9.852499961853027,9.932499885559082,9.500842094421387,156198.0,0.0,0.0,0.0,Yahoo_daily
2025-06-24,9.960000038146973,9.960000038146973,9.889399528503418,9.9350004196167,9.503232955932617,192599.0,0.0,0.0,0.0,Yahoo_daily
2025-06-25,9.967499732971191,9.967499732971191,9.912500381469727,9.920000076293945,9.488884925842285,217179.0,0.0,0.0,0.0,Yahoo_daily
2025-06-26,9.96500015258789,9.96500015258789,9.907500267028809,9.952500343322754,9.519972801208496,674381.0,0.0,0.0,0.0,Yahoo_daily
2025-06-27,9.914999961853027,9.960000038146973,9.904999732971191,9.90999984741211,9.47931957244873,242745.0,0.0,0.0,0.0,Yahoo_daily
2025-06-30,9.899999618530273,9.947500228881836,9.899999618530273,9.912500381469727,9.481711387634277,1116565.0,0.0,0.0,0.0,Yahoo_daily
2025-07-01,9.962499618530273,9.979999542236328,9.9375,9.954999923706055,9.522363662719727,459734.0,0.0,0.0,0.0,Yahoo_daily
2025-07-02,9.942500114440918,9.952500343322754,9.800000190734863,9.829999923706055,9.402796745300293,966373.0,0.0,0.0,0.0,Yahoo_daily
2025-07-03,9.8725004196167,9.90999984741211,9.84000015258789,9.882499694824219,9.453014373779297,758427.0,0.0,0.0,0.0,Yahoo_daily
2025-07-04,9.90250015258789,9.925000190734863,9.869999885559082,9.875,9.445840835571289,287996.0,0.0,0.0,0.0,Yahoo_daily
2025-07-07,9.875,9.914999961853027,9.845000267028809,9.850000381469727,9.421927452087402,588322.0,0.0,0.0,0.0,Yahoo_daily
2025-07-08,9.829999923706055,9.857500076293945,9.797499656677246,9.819999694824219,9.393230438232422,805781.0,0.0,0.0,0.0,Yahoo_daily
2025-07-09,9.800000190734863,9.842499732971191,9.800000190734863,9.837499618530273,9.409969329833984,278952.0,0.0,0.0,0.0,Yahoo_daily
2025-07-10,9.84000015258789,9.869999885559082,9.832099914550781,9.850000381469727,9.421927452087402,340121.0,0.0,0.0,0.0,Yahoo_daily
2025-07-11,9.857500076293945,9.857500076293945,9.817500114440918,9.827500343322754,9.400405883789062,268832.0,0.0,0.0,0.0,Yahoo_daily
2025-07-14,9.75,9.8774995803833,9.75,9.835000038146973,9.40757942199707,2166184.0,0.0,0.0,0.0,Yahoo_daily
2025-07-15,9.84749984741211,9.8725004196167,9.800000190734863,9.8149995803833,9.388447761535645,299600.0,0.0,0.0,0.0,Yahoo_daily
2025-07-16,9.837499618530273,9.837499618530273,9.782500267028809,9.817500114440918,9.390839576721191,634655.0,0.0,0.0,0.0,Yahoo_daily
2025-07-17,9.8125,9.817500114440918,9.774999618530273,9.8100004196167,9.383666038513184,502355.0,0.0,0.0,0.0,Yahoo_daily
2025-07-18,9.807499885559082,9.807499885559082,9.770000457763672,9.78499984741211,9.35975170135498,406919.0,0.0,0.0,0.0,Yahoo_daily
2025-07-21,9.807499885559082,9.845000267028809,9.792499542236328,9.845000267028809,9.417143821716309,304856.0,0.0,0.0,0.0,Yahoo_daily
2025-07-22,9.857500076293945,9.869999885559082,9.805000305175781,9.864999771118164,9.436274528503418,344614.0,0.0,0.0,0.0,Yahoo_daily
2025-07-23,9.857500076293945,9.857500076293945,9.817500114440918,9.824999809265137,9.3980131149292,369016.0,0.0,0.0,0.0,Yahoo_daily
2025-07-24,9.824999809265137,9.850000381469727,9.795000076293945,9.845000267028809,9.417143821716309,307596.0,0.0,0.0,0.0,Yahoo_daily
2025-07-25,9.805000305175781,9.845000267028809,9.800000190734863,9.832500457763672,9.40518856048584,228721.0,0.0,0.0,0.0,Yahoo_daily
2025-07-28,9.949999809265137,9.949999809265137,9.8125,9.819999694824219,9.393230438232422,341360.0,0.0,0.0,0.0,Yahoo_daily
2025-07-29,9.84749984741211,9.854999542236328,9.802300453186035,9.845000267028809,9.417143821716309,579398.0,0.0,0.0,0.0,Yahoo_daily
2025-07-30,9.845000267028809,9.880000114440918,9.829999923706055,9.862500190734863,9.433883666992188,362052.0,0.0,0.0,0.0,Yahoo_daily
2025-07-31,9.907500267028809,9.907500267028809,9.864999771118164,9.892499923706055,9.462579727172852,993813.0,0.0,0.0,0.0,Yahoo_daily
2025-08-01,9.84749984741211,9.930000305175781,9.829999923706055,9.90999984741211,9.47931957244873,362085.0,0.0,0.0,0.0,Yahoo_daily
2025-08-04,9.917499542236328,9.9399995803833,9.882499694824219,9.927499771118164,9.49605941772461,290145.0,0.0,0.0,0.0,Yahoo_daily
2025-08-05,9.947500228881836,9.949999809265137,9.90999984741211,9.932499885559082,9.500842094421387,824133.0,0.0,0.0,0.0,Yahoo_daily
2025-08-06,9.917499542236328,9.9350004196167,9.892499923706055,9.912500381469727,9.481711387634277,343330.0,0.0,0.0,0.0,Yahoo_daily
2025-08-07,9.9350004196167,9.9350004196167,9.887499809265137,9.90999984741211,9.47931957244873,158205.0,0.0,0.0,0.0,Yahoo_daily
2025-08-08,9.90999984741211,9.90999984741211,9.859999656677246,9.859999656677246,9.43149185180664,380622.0,0.0,0.0,0.0,Yahoo_daily
2025-08-11,9.8725004196167,9.907500267028809,9.854999542236328,9.892499923706055,9.462579727172852,783864.0,0.0,0.0,0.0,Yahoo_daily
2025-08-12,9.882499694824219,9.892499923706055,9.837499618530273,9.852499961853027,9.424318313598633,298234.0,0.0,0.0,0.0,Yahoo_daily
2025-08-13,9.850000381469727,9.885000228881836,9.850000381469727,9.869999885559082,9.441058158874512,272662.0,0.0,0.0,0.0,Yahoo_daily
2025-08-14,9.882499694824219,9.90250015258789,9.832500457763672,9.842499732971191,9.414752006530762,555202.0,0.0,0.0,0.0,Yahoo_daily
2025-08-15,9.84749984741211,9.869999885559082,9.79889965057373,9.805000305175781,9.37888240814209,548923.0,0.0,0.0,0.0,Yahoo_daily
2025-08-18,9.824999809265137,9.829999923706055,9.760000228881836,9.765000343322754,9.340620994567871,176827.0,0.0,0.0,0.0,Yahoo_daily
2025-08-19,9.760000228881836,9.789999961853027,9.755000114440918,9.770000457763672,9.345404624938965,310909.0,0.0,0.0,0.0,Yahoo_daily
2025-08-20,9.77750015258789,9.824999809265137,9.75,9.819999694824219,9.393230438232422,583982.0,0.0,0.0,0.0,Yahoo_daily
2025-08-21,9.827500343322754,9.845000267028809,9.779999732971191,9.787500381469727,9.362144470214844,658815.0,0.0,0.0,0.0,Yahoo_daily
2025-08-22,9.779999732971191,9.822500228881836,9.765000343322754,9.807499885559082,9.381274223327637,252845.0,0.0,0.0,0.0,Yahoo_daily
2025-08-26,9.797499656677246,9.829999923706055,9.720000267028809,9.77750015258789,9.352578163146973,315929.0,0.0,0.0,0.0,Yahoo_daily
2025-08-27,9.770000457763672,9.800000190734863,9.757499694824219,9.779999732971191,9.354969024658203,420189.0,0.0,0.0,0.0,Yahoo_daily
2025-08-28,9.789999961853027,9.824999809265137,9.779999732971191,9.805000305175781,9.37888240814209,194561.0,0.0,0.0,0.0,Yahoo_daily
2025-08-29,9.807499885559082,9.824999809265137,9.78499984741211,9.787500381469727,9.362144470214844,650961.0,0.0,0.0,0.0,Yahoo_daily
2025-09-01,9.805000305175781,9.805000305175781,9.762499809265137,9.765000343322754,9.340620994567871,195561.0,0.0,0.0,0.0,Yahoo_daily
2025-09-02,9.765000343322754,9.765000343322754,9.720000267028809,9.729999542236328,9.30714225769043,287130.0,0.0,0.0,0.0,Yahoo_daily
2025-09-03,9.757499694824219,9.789199829101562,9.704999923706055,9.779999732971191,9.354969024658203,547541.0,0.0,0.0,0.0,Yahoo_daily
2025-09-04,9.789999961853027,9.824999809265137,9.765000343322754,9.800000190734863,9.374099731445312,448533.0,0.0,0.0,0.0,Yahoo_daily
2025-09-05,9.805000305175781,9.859999656677246,9.805000305175781,9.854999542236328,9.426709175109863,686351.0,0.0,0.0,0.0,Yahoo_daily
2025-09-08,9.854999542236328,9.895000457763672,9.845000267028809,9.895000457763672,9.464971542358398,566275.0,0.0,0.0,0.0,Yahoo_daily
2025-09-09,9.880000114440918,9.899999618530273,9.859999656677246,9.880000114440918,9.450623512268066,274951.0,0.0,0.0,0.0,Yahoo_daily
2025-09-10,9.8774995803833,9.90250015258789,9.857500076293945,9.8725004196167,9.443449974060059,547753.0,0.0,0.0,0.0,Yahoo_daily
2025-09-11,9.859999656677246,9.914999961853027,9.84000015258789,9.899999618530273,9.46975326538086,546156.0,0.0,0.0,0.0,Yahoo_daily
2025-09-12,9.895000457763672,9.90999984741211,9.857500076293945,9.857500076293945,9.42910099029541,229492.0,0.0,0.0,0.0,Yahoo_daily
2025-09-15,9.862500190734863,9.887499809265137,9.845000267028809,9.8725004196167,9.443449974060059,227280.0,0.0,0.0,0.0,Yahoo_daily
2025-09-16,9.899999618530273,9.899999618530273,9.862500190734863,9.8725004196167,9.443449974060059,281313.0,0.0,0.0,0.0,Yahoo_daily
2025-09-17,9.880000114440918,9.90999984741211,9.8774995803833,9.890000343322754,9.460188865661621,208108.0,0.0,0.0,0.0,Yahoo_daily
2025-09-18,9.897500038146973,9.917499542236328,9.857500076293945,9.8725004196167,9.443449974060059,155883.0,0.0,0.0,0.0,Yahoo_daily
2025-09-19,9.800000190734863,9.897500038146973,9.800000190734863,9.835000038146973,9.40757942199707,373532.0,0.0,0.0,0.0,Yahoo_daily
2025-09-22,9.827500343322754,9.850000381469727,9.805000305175781,9.835000038146973,9.40757942199707,370595.0,0.0,0.0,0.0,Yahoo_daily
2025-09-23,9.852499961853027,9.8774995803833,9.837499618530273,9.857500076293945,9.42910099029541,269405.0,0.0,0.0,0.0,Yahoo_daily
2025-09-24,9.880000114440918,9.899999618530273,9.857500076293945,9.875,9.445840835571289,485544.0,0.0,0.0,0.0,Yahoo_daily
2025-09-25,9.850000381469727,9.880000114440918,9.8125,9.8149995803833,9.388447761535645,412496.0,0.0,0.0,0.0,Yahoo_daily
2025-09-26,9.8125,9.845000267028809,9.805000305175781,9.824999809265137,9.3980131149292,319358.0,0.0,0.0,0.0,Yahoo_daily
2025-09-29,9.835000038146973,9.862500190734863,9.832500457763672,9.862500190734863,9.433883666992188,439908.0,0.0,0.0,0.0,Yahoo_daily
2025-09-30,9.859999656677246,9.880000114440918,9.832500457763672,9.854999542236328,9.426709175109863,454809.0,0.0,0.0,0.0,Yahoo_daily
2025-10-01,9.857500076293945,9.890000343322754,9.822500228881836,9.862500190734863,9.433883666992188,163470.0,0.0,0.0,0.0,Yahoo_daily
2025-10-02,9.882499694824219,9.882499694824219,9.824999809265137,9.857500076293945,9.42910099029541,207253.0,0.0,0.0,0.0,Yahoo_daily
2025-10-03,9.835000038146973,9.880000114440918,9.835000038146973,9.8725004196167,9.443449974060059,175800.0,0.0,0.0,0.0,Yahoo_daily
2025-10-06,9.869999885559082,9.869999885559082,9.819999694824219,9.84000015258789,9.412361145019531,204018.0,0.0,0.0,0.0,Yahoo_daily
2025-10-07,9.832500457763672,9.850000381469727,9.8149995803833,9.842499732971191,9.414752006530762,172674.0,0.0,0.0,0.0,Yahoo_daily
2025-10-08,9.857500076293945,9.904999732971191,9.84749984741211,9.854999542236328,9.426709175109863,261979.0,0.0,0.0,0.0,Yahoo_daily
2025-10-09,9.890000343322754,9.890000343322754,9.827500343322754,9.84000015258789,9.412361145019531,300902.0,0.0,0.0,0.0,Yahoo_daily
2025-10-10,9.824999809265137,9.899999618530273,9.824999809265137,9.897500038146973,9.467362403869629,750970.0,0.0,0.0,0.0,Yahoo_daily
2025-10-13,9.899999618530273,9.90999984741211,9.8725004196167,9.904999732971191,9.474535942077637,252183.0,0.0,0.0,0.0,Yahoo_daily
2025-10-14,9.912500381469727,9.96500015258789,9.912500381469727,9.954999923706055,9.522363662719727,899061.0,0.0,0.0,0.0,Yahoo_daily
2025-10-15,9.947500228881836,10.007499694824219,9.947500228881836,9.989999771118164,9.555842399597168,819257.0,0.0,0.0,0.0,Yahoo_daily
2025-10-16,10.15999984741211,10.280699729919434,9.975000381469727,10.017499923706055,9.582147598266602,591236.0,0.0,0.0,0.0,Yahoo_daily
2025-10-17,10.055000305175781,10.112500190734863,9.989999771118164,9.994999885559082,9.560625076293945,366335.0,0.0,0.0,0.0,Yahoo_daily
2025-10-20,9.989999771118164,10.022500038146973,9.989999771118164,10.020000457763672,9.584539413452148,382472.0,0.0,0.0,0.0,Yahoo_daily
2025-10-21,10.012499809265137,10.057499885559082,10.012499809265137,10.055000305175781,9.61801815032959,819258.0,0.0,0.0,0.0,Yahoo_daily
2025-10-22,10.100000381469727,10.135000228881836,10.074999809265137,10.095000267028809,9.656279563903809,455844.0,0.0,0.0,0.0,Yahoo_daily
2025-10-23,10.087499618530273,10.107500076293945,10.077500343322754,10.095000267028809,9.656279563903809,807645.0,0.0,0.0,0.0,Yahoo_daily
2025-10-27,10.077500343322754,10.119999885559082,10.057499885559082,10.119999885559082,9.680192947387695,942804.0,0.0,0.0,0.0,Yahoo_daily
2025-10-28,10.142499923706055,10.147500038146973,10.117500305175781,10.117500305175781,9.677802085876465,439364.0,0.0,0.0,0.0,Yahoo_daily
2025-10-29,10.130000114440918,10.147500038146973,10.069999694824219,10.132499694824219,9.69214916229248,408679.0,0.0,0.0,0.0,Yahoo_daily
2025-10-30,10.107500076293945,10.147500038146973,10.045000076293945,10.119999885559082,9.680192947387695,604333.0,0.0,0.0,0.0,Yahoo_daily
2025-10-31,10.079999923706055,10.140000343322754,10.0649995803833,10.132499694824219,9.69214916229248,488106.0,0.0,0.0,0.0,Yahoo_daily
2025-11-03,10.147500038146973,10.147500038146973,10.095000267028809,10.09749984741211,9.658670425415039,449634.0,0.0,0.0,0.0,Yahoo_daily
2025-11-04,10.132499694824219,10.157500267028809,10.112500190734863,10.114999771118164,9.675410270690918,518062.0,0.0,0.0,0.0,Yahoo_daily
2025-11-05,10.199999809265137,10.199999809265137,10.0600004196167,10.074999809265137,9.6371488571167,403134.0,0.0,0.0,0.0,Yahoo_daily
2025-11-06,10.095000267028809,10.117500305175781,10.079999923706055,10.109999656677246,9.67062759399414,633834.0,0.0,0.0,0.0,Yahoo_daily
2025-11-07,9.989999771118164,10.092499732971191,9.989999771118164,10.082500457763672,9.644322395324707,380483.0,0.0,0.0,0.0,Yahoo_daily
2025-11-10,10.0600004196167,10.100000381469727,10.045000076293945,10.095000267028809,9.656279563903809,603601.0,0.0,0.0,0.0,Yahoo_daily
2025-11-11,10.1274995803833,10.15999984741211,10.117500305175781,10.154999732971191,9.713671684265137,388670.0,0.0,0.0,0.0,Yahoo_daily
2025-11-12,10.154999732971191,10.154999732971191,10.107500076293945,10.130000114440918,9.68975830078125,338350.0,0.0,0.0,0.0,Yahoo_daily
2025-11-13,10.0,10.0,9.864999771118164,9.892499923706055,9.669329643249512,397259.0,0.2166,0.0,0.0,Yahoo_daily
2025-11-14,10.0,10.0,9.760000228881836,9.795000076293945,9.574029922485352,1404200.0,0.0,0.0,0.0,Yahoo_daily
2025-11-17,9.787500381469727,9.827500343322754,9.774999618530273,9.824999809265137,9.603352546691895,333000.0,0.0,0.0,0.0,Yahoo_daily
2025-11-18,9.827500343322754,9.84000015258789,9.805000305175781,9.805000305175781,9.5838041305542,429915.0,0.0,0.0,0.0,Yahoo_daily
2025-11-19,9.869999885559082,9.869999885559082,9.758000373840332,9.767499923706055,9.547149658203125,576745.0,0.0,0.0,0.0,Yahoo_daily
2025-11-20,9.779999732971191,9.822500228881836,9.75,9.792499542236328,9.571585655212402,327013.0,0.0,0.0,0.0,Yahoo_daily
2025-11-21,9.797499656677246,9.837499618530273,9.755000114440918,9.827500343322754,9.605796813964844,1566996.0,0.0,0.0,0.0,Yahoo_daily
2025-11-24,9.835000038146973,9.845000267028809,9.819299697875977,9.822500228881836,9.600909233093262,373791.0,0.0,0.0,0.0,Yahoo_daily
2025-11-25,9.822500228881836,9.8725004196167,9.8149995803833,9.862500190734863,9.640007019042969,773333.0,0.0,0.0,0.0,Yahoo_daily
2025-11-26,9.850000381469727,9.930000305175781,9.77750015258789,9.930000305175781,9.705984115600586,1264018.0,0.0,0.0,0.0,Yahoo_daily
2025-11-27,10.0,10.0,9.895000457763672,9.90999984741211,9.686434745788574,840005.0,0.0,0.0,0.0,Yahoo_daily
2025-11-28,10.0,10.0,9.890000343322754,9.917499542236328,9.693765640258789,414205.0,0.0,0.0,0.0,Yahoo_daily
2025-12-01,9.960000038146973,9.960000038146973,9.8725004196167,9.895000457763672,9.671773910522461,322128.0,0.0,0.0,0.0,Yahoo_daily
2025-12-02,10.0,10.0,9.867500305175781,9.895000457763672,9.671773910522461,336428.0,0.0,0.0,0.0,Yahoo_daily
2025-12-03,9.850000381469727,9.9399995803833,9.850000381469727,9.922499656677246,9.698653221130371,465536.0,0.0,0.0,0.0,Yahoo_daily
2025-12-04,9.9350004196167,9.957500457763672,9.904999732971191,9.942500114440918,9.718201637268066,359891.0,0.0,0.0,0.0,Yahoo_daily
2025-12-05,9.942500114440918,9.952500343322754,9.912500381469727,9.917499542236328,9.693765640258789,442819.0,0.0,0.0,0.0,Yahoo_daily
2025-12-08,9.944999694824219,9.944999694824219,9.869999885559082,9.890000343322754,9.666886329650879,340410.0,0.0,0.0,0.0,Yahoo_daily
2025-12-09,9.920000076293945,9.9350004196167,9.875,9.907500267028809,9.683991432189941,185203.0,0.0,0.0,0.0,Yahoo_daily
2025-12-10,9.895000457763672,9.90250015258789,9.8725004196167,9.897500038146973,9.674217224121094,362845.0,0.0,0.0,0.0,Yahoo_daily
2025-12-11,9.989999771118164,9.989999771118164,9.899999618530273,9.917499542236328,9.693765640258789,371117.0,0.0,0.0,0.0,Yahoo_daily
2025-12-12,9.979999542236328,9.979999542236328,9.880000114440918,9.880000114440918,9.657112121582031,235825.0,0.0,0.0,0.0,Yahoo_daily
2025-12-15,9.897500038146973,9.920000076293945,9.890000343322754,9.90999984741211,9.686434745788574,304629.0,0.0,0.0,0.0,Yahoo_daily
2025-12-16,9.90999984741211,9.957500457763672,9.857500076293945,9.887499809265137,9.66444206237793,249308.0,0.0,0.0,0.0,Yahoo_daily
2025-12-17,9.899999618530273,9.975000381469727,9.899999618530273,9.912500381469727,9.688879013061523,413679.0,0.0,0.0,0.0,Yahoo_daily
2025-12-18,9.989999771118164,9.989999771118164,9.899999618530273,9.9375,9.7133150100708,298228.0,0.0,0.0,0.0,Yahoo_daily
2025-12-19,9.850000381469727,9.96500015258789,9.850000381469727,9.897500038146973,9.674217224121094,480036.0,0.0,0.0,0.0,Yahoo_daily
2025-12-22,9.897500038146973,9.9375,9.87969970703125,9.890000343322754,9.666886329650879,1486951.0,0.0,0.0,0.0,Yahoo_daily
2025-12-23,9.897500038146973,9.947500228881836,9.890000343322754,9.907500267028809,9.683991432189941,306993.0,0.0,0.0,0.0,Yahoo_daily
2025-12-24,9.989999771118164,9.989999771118164,9.890000343322754,9.899999618530273,9.676660537719727,172579.0,0.0,0.0,0.0,Yahoo_daily
2025-12-29,9.899999618530273,9.984999656677246,9.859999656677246,9.932499885559082,9.708427429199219,248838.0,0.0,0.0,0.0,Yahoo_daily
2025-12-30,9.850000381469727,9.989999771118164,9.850000381469727,9.927499771118164,9.703539848327637,89922.0,0.0,0.0,0.0,Yahoo_daily
2025-12-31,9.920000076293945,9.957500457763672,9.912500381469727,9.912500381469727,9.688879013061523,94738.0,0.0,0.0,0.0,Yahoo_daily
2026-01-02,9.989999771118164,9.989999771118164,9.890000343322754,9.907500267028809,9.683991432189941,296959.0,0.0,0.0,0.0,Yahoo_daily
2026-01-05,9.912500381469727,9.96500015258789,9.899999618530273,9.922499656677246,9.698653221130371,483312.0,0.0,0.0,0.0,Yahoo_daily
2026-01-06,9.989999771118164,9.989999771118164,9.899999618530273,9.944999694824219,9.7206449508667,304500.0,0.0,0.0,0.0,Yahoo_daily
2026-01-07,9.96500015258789,10.0,9.961099624633789,9.9975004196167,9.771961212158203,587808.0,0.0,0.0,0.0,Yahoo_daily
2026-01-08,9.994999885559082,10.020000457763672,9.970000267028809,9.99625015258789,9.770739555358887,226785.0,0.0,0.0,0.0,Yahoo_daily
2026-01-09,10.0024995803833,10.029999732971191,9.989999771118164,10.022500038146973,9.79639720916748,709523.0,0.0,0.0,0.0,Yahoo_daily
2026-01-12,10.024999618530273,10.032500267028809,10.007499694824219,10.020000457763672,9.793953895568848,364303.0,0.0,0.0,0.0,Yahoo_daily
2026-01-13,10.020000457763672,10.085000038146973,9.987500190734863,10.017499923706055,9.791509628295898,460699.0,0.0,0.0,0.0,Yahoo_daily
2026-01-14,10.0,10.047499656677246,9.989999771118164,10.045000076293945,9.818389892578125,253608.0,0.0,0.0,0.0,Yahoo_daily
2026-01-15,10.199999809265137,10.199999809265137,10.012499809265137,10.022500038146973,9.79639720916748,590847.0,0.0,0.0,0.0,Yahoo_daily
2026-01-16,10.017499923706055,10.02750015258789,10.0024995803833,10.015000343322754,9.789066314697266,360251.0,0.0,0.0,0.0,Yahoo_daily
2026-01-19,10.02750015258789,10.02750015258789,9.9975004196167,10.007499694824219,9.78173542022705,1092211.0,0.0,0.0,0.0,Yahoo_daily
2026-01-20,9.979999542236328,10.039999961853027,9.922499656677246,9.962499618530273,9.737750053405762,417751.0,0.0,0.0,0.0,Yahoo_daily
2026-01-21,9.994999885559082,10.0,9.962499618530273,9.982500076293945,9.757299423217773,231056.0,0.0,0.0,0.0,Yahoo_daily
2026-01-22,9.9975004196167,10.012499809265137,9.942500114440918,9.970000267028809,9.745081901550293,945138.0,0.0,0.0,0.0,Yahoo_daily
2026-01-23,9.975000381469727,9.994999885559082,9.930000305175781,9.9399995803833,9.715758323669434,448042.0,0.0,0.0,0.0,Yahoo_daily
2026-01-26,9.930000305175781,10.0,9.899999618530273,9.949999809265137,9.725532531738281,239771.0,0.0,0.0,0.0,Yahoo_daily
2026-01-27,9.944999694824219,9.957500457763672,9.930000305175781,9.9375,9.7133150100708,889800.0,0.0,0.0,0.0,Yahoo_daily
2026-01-28,9.9399995803833,9.947500228881836,9.912300109863281,9.920000076293945,9.696209907531738,280675.0,0.0,0.0,0.0,Yahoo_daily
2026-01-29,9.930000305175781,9.960000038146973,9.899999618530273,9.942500114440918,9.718201637268066,290576.0,0.0,0.0,0.0,Yahoo_daily
2026-01-30,9.917499542236328,9.952500343322754,9.914999961853027,9.9375,9.7133150100708,362922.0,0.0,0.0,0.0,Yahoo_daily
2026-02-02,9.952500343322754,9.960000038146973,9.904999732971191,9.944999694824219,9.7206449508667,596560.0,0.0,0.0,0.0,Yahoo_daily
2026-02-03,9.922499656677246,9.942500114440918,9.922499656677246,9.942500114440918,9.718201637268066,505584.0,0.0,0.0,0.0,Yahoo_daily
2026-02-04,9.970000267028809,9.970000267028809,9.90999984741211,9.912500381469727,9.688879013061523,485339.0,0.0,0.0,0.0,Yahoo_daily
2026-02-05,9.899999618530273,9.942500114440918,9.869999885559082,9.907500267028809,9.683991432189941,1352189.0,0.0,0.0,0.0,Yahoo_daily
2026-02-06,9.8725004196167,9.9375,9.8725004196167,9.922499656677246,9.698653221130371,357200.0,0.0,0.0,0.0,Yahoo_daily
2026-02-09,9.994999885559082,9.994999885559082,9.8725004196167,9.927499771118164,9.703539848327637,535879.0,0.0,0.0,0.0,Yahoo_daily
2026-02-10,9.952500343322754,9.957500457763672,9.932499885559082,9.947500228881836,9.723089218139648,355917.0,0.0,0.0,0.0,Yahoo_daily
2026-02-11,9.944999694824219,9.970000267028809,9.927499771118164,9.967499732971191,9.742637634277344,710978.0,0.0,0.0,0.0,Yahoo_daily
2026-02-12,9.970000267028809,9.994999885559082,9.960000038146973,9.987500190734863,9.762187004089355,520175.0,0.0,0.0,0.0,Yahoo_daily
2026-02-13,9.9975004196167,10.024999618530273,9.979999542236328,10.017499923706055,9.791509628295898,500911.0,0.0,0.0,0.0,Yahoo_daily
2026-02-16,10.015000343322754,10.039999961853027,10.001999855041504,10.022500038146973,9.79639720916748,374932.0,0.0,0.0,0.0,Yahoo_daily
2026-02-17,10.050000190734863,10.0649995803833,10.0447998046875,10.045000076293945,9.818389892578125,264328.0,0.0,0.0,0.0,Yahoo_daily
2026-02-18,10.042499542236328,10.0625,10.03499984741211,10.047499656677246,9.820833206176758,296189.0,0.0,0.0,0.0,Yahoo_daily
2026-02-19,10.039999961853027,10.057499885559082,10.032500267028809,10.050000190734863,9.82327651977539,495131.0,0.0,0.0,0.0,Yahoo_daily
2026-02-20,10.087499618530273,10.095000267028809,10.055000305175781,10.067500114440918,9.84038257598877,495827.0,0.0,0.0,0.0,Yahoo_daily
2026-02-23,10.077500343322754,10.102499961853027,10.067500114440918,10.09749984741211,9.869705200195312,295542.0,0.0,0.0,0.0,Yahoo_daily
2026-02-24,10.100000381469727,10.117500305175781,10.09000015258789,10.104999542236328,9.877035140991211,1360279.0,0.0,0.0,0.0,Yahoo_daily
2026-02-25,10.112500190734863,10.112500190734863,10.079999923706055,10.095000267028809,9.86726188659668,295819.0,0.0,0.0,0.0,Yahoo_daily
2026-02-26,10.024999618530273,10.15999984741211,10.024999618530273,10.130000114440918,9.901472091674805,427943.0,0.0,0.0,0.0,Yahoo_daily
2026-02-27,10.104999542236328,10.180000305175781,10.104999542236328,10.15999984741211,9.930794715881348,4673047.0,0.0,0.0,0.0,Yahoo_daily
2026-03-02,10.154999732971191,10.130000114440918,10.100000381469727,10.107500076293945,9.87947940826416,245795.0,0.0,0.0,0.0,Yahoo_daily
2026-03-03,10.067500114440918,10.085000038146973,9.987500190734863,10.022500038146973,9.79639720916748,336340.0,0.0,0.0,0.0,Yahoo_daily
2026-03-04,10.03499984741211,10.072500228881836,10.007499694824219,10.067500114440918,9.84038257598877,405713.0,0.0,0.0,0.0,Yahoo_daily
2026-03-05,9.982500076293945,10.077500343322754,9.954999923706055,9.979999542236328,9.754855155944824,554805.0,0.0,0.0,0.0,Yahoo_daily
2026-03-06,9.979999542236328,9.992500305175781,9.867500305175781,9.925000190734863,9.701096534729004,804522.0,0.0,0.0,0.0,Yahoo_daily
2026-03-09,9.850000381469727,9.942500114440918,9.802499771118164,9.922499656677246,9.698653221130371,523015.0,0.0,0.0,0.0,Yahoo_daily
2026-03-10,9.982500076293945,10.022500038146973,9.949999809265137,9.982500076293945,9.757299423217773,553533.0,0.0,0.0,0.0,Yahoo_daily
2026-03-11,9.982500076293945,9.982500076293945,9.881199836730957,9.895000457763672,9.671773910522461,374709.0,0.0,0.0,0.0,Yahoo_daily
2026-03-12,9.8725004196167,9.897500038146973,9.8100004196167,9.829999923706055,9.608240127563477,541149.0,0.0,0.0,0.0,Yahoo_daily
2026-03-13,9.8100004196167,9.857500076293945,9.797499656677246,9.802499771118164,9.58135986328125,306057.0,0.0,0.0,0.0,Yahoo_daily
2026-03-16,9.829999923706055,9.875,9.802499771118164,9.832500457763672,9.610684394836426,464288.0,0.0,0.0,0.0,Yahoo_daily
2026-03-17,9.854999542236328,9.899999618530273,9.832500457763672,9.897500038146973,9.674217224121094,3259338.0,0.0,0.0,0.0,Yahoo_daily
2026-03-18,9.899999618530273,9.947500228881836,9.842499732971191,9.859999656677246,9.63756275177002,371113.0,0.0,0.0,0.0,Yahoo_daily
2026-03-19,9.75,10.0,9.75,9.819999694824219,9.598464965820312,4044470.0,0.0,0.0,0.0,Yahoo_daily
2026-03-20,9.829999923706055,9.829999923706055,9.680000305175781,9.699999809265137,9.481172561645508,377091.0,0.0,0.0,0.0,Yahoo_daily
2026-03-23,9.680000305175781,9.84000015258789,9.612500190734863,9.739999771118164,9.520270347595215,779285.0,0.0,0.0,0.0,Yahoo_daily
2026-03-24,9.760000228881836,9.77750015258789,9.707500457763672,9.732500076293945,9.512939453125,864094.0,0.0,0.0,0.0,Yahoo_daily
2026-03-25,9.739999771118164,9.827500343322754,9.739999771118164,9.8125,9.591135025024414,1948173.0,0.0,0.0,0.0,Yahoo_daily
2026-03-26,9.800000190734863,9.800000190734863,9.717499732971191,9.717499732971191,9.49827766418457,1260558.0,0.0,0.0,0.0,Yahoo_daily
2026-03-27,9.704999923706055,9.720000267028809,9.630000114440918,9.712499618530273,9.493390083312988,536337.0,0.0,0.0,0.0,Yahoo_daily
2026-03-30,9.710000038146973,9.760430335998535,9.692500114440918,9.739999771118164,9.520270347595215,571197.0,0.0,0.0,0.0,Yahoo_daily
2026-03-31,9.75,9.800000190734863,9.729999542236328,9.762499809265137,9.542262077331543,1029660.0,0.0,0.0,0.0,Yahoo_daily
2026-04-01,9.789999961853027,9.869999885559082,9.78499984741211,9.829999923706055,9.608240127563477,778461.0,0.0,0.0,0.0,Yahoo_daily
2026-04-02,9.755000114440918,9.84000015258789,9.7524995803833,9.819999694824219,9.598464965820312,292499.0,0.0,0.0,0.0,Yahoo_daily
2026-04-07,9.850000381469727,9.850000381469727,9.739999771118164,9.774999618530273,9.55448055267334,379167.0,0.0,0.0,0.0,Yahoo_daily
2026-04-08,9.885000228881836,9.988349914550781,9.859999656677246,9.920000076293945,9.696209907531738,607691.0,0.0,0.0,0.0,Yahoo_daily
2026-04-09,9.895000457763672,9.912500381469727,9.822500228881836,9.864999771118164,9.642450332641602,404887.0,0.0,0.0,0.0,Yahoo_daily
2026-04-10,9.854999542236328,9.867500305175781,9.819999694824219,9.827500343322754,9.605796813964844,226665.0,0.0,0.0,0.0,Yahoo_daily
2026-04-13,9.807499885559082,9.824999809265137,9.75,9.800000190734863,9.578916549682617,329248.0,0.0,0.0,0.0,Yahoo_daily
2026-04-14,9.837499618530273,9.859999656677246,9.8125,9.850000381469727,9.627789497375488,306750.0,0.0,0.0,0.0,Yahoo_daily
2026-04-15,9.897500038146973,9.897500038146973,9.832500457763672,9.835000038146973,9.613126754760742,1243404.0,0.0,0.0,0.0,Yahoo_daily
2026-04-16,9.869999885559082,9.869999885559082,9.795000076293945,9.800000190734863,9.578916549682617,344943.0,0.0,0.0,0.0,Yahoo_daily
2026-04-17,9.789999961853027,9.897500038146973,9.782500267028809,9.880000114440918,9.657112121582031,563385.0,0.0,0.0,0.0,Yahoo_daily
2026-04-20,9.852499961853027,9.854999542236328,9.807499885559082,9.822500228881836,9.600909233093262,509610.0,0.0,0.0,0.0,Yahoo_daily
2026-04-21,9.819999694824219,9.827500343322754,9.776800155639648,9.77750015258789,9.556924819946289,274488.0,0.0,0.0,0.0,Yahoo_daily
2026-04-22,9.800000190734863,9.815699577331543,9.779999732971191,9.795000076293945,9.574029922485352,472918.0,0.0,0.0,0.0,Yahoo_daily
2026-04-23,9.762499809265137,9.779999732971191,9.734999656677246,9.757499694824219,9.537375450134277,529878.0,0.0,0.0,0.0,Yahoo_daily
2026-04-24,9.770000457763672,9.774999618530273,9.72249984741211,9.762499809265137,9.542262077331543,345730.0,0.0,0.0,0.0,Yahoo_daily
2026-04-27,9.755000114440918,9.77750015258789,9.725000381469727,9.725000381469727,9.505608558654785,343048.0,0.0,0.0,0.0,Yahoo_daily
2026-04-28,9.729999542236328,9.737500190734863,9.699999809265137,9.702500343322754,9.483616828918457,481289.0,0.0,0.0,0.0,Yahoo_daily
2026-04-29,9.699999809265137,9.744999885559082,9.677499771118164,9.692500114440918,9.473841667175293,571263.0,0.0,0.0,0.0,Yahoo_daily
2026-04-30,9.670000076293945,9.7475004196167,9.65250015258789,9.725000381469727,9.505608558654785,492339.0,0.0,0.0,0.0,Yahoo_daily
2026-05-01,9.692500114440918,9.767499923706055,9.6875,9.7524995803833,9.532487869262695,164499.0,0.0,0.0,0.0,Yahoo_daily
2026-05-05,9.664999961853027,9.732500076293945,9.654999732971191,9.692500114440918,9.473841667175293,1055852.0,0.0,0.0,0.0,Yahoo_daily
2026-05-06,9.657500267028809,9.795000076293945,9.657500267028809,9.770000457763672,9.549593925476074,813320.0,0.0,0.0,0.0,Yahoo_daily
2026-05-07,9.779999732971191,9.8149995803833,9.767499923706055,9.770000457763672,9.549593925476074,1986041.0,0.0,0.0,0.0,Yahoo_daily
2026-05-08,9.789999961853027,9.829999923706055,9.75,9.800000190734863,9.578916549682617,465765.0,0.0,0.0,0.0,Yahoo_daily
2026-05-11,9.795000076293945,9.795000076293945,9.725000381469727,9.737500190734863,9.517827033996582,410245.0,0.0,0.0,0.0,Yahoo_daily
2026-05-12,9.670000076293945,9.692500114440918,9.592499732971191,9.677499771118164,9.459179878234863,717999.0,0.0,0.0,0.0,Yahoo_daily
2026-05-13,9.645000457763672,9.71500015258789,9.645000457763672,9.697500228881836,9.478729248046875,1871518.0,0.0,0.0,0.0,Yahoo_daily
2026-05-14,9.720000267028809,9.7524995803833,9.69279956817627,9.737500190734863,9.517827033996582,281827.0,0.0,0.0,0.0,Yahoo_daily
2026-05-15,9.710000038146973,9.78499984741211,9.619999885559082,9.6274995803833,9.410307884216309,832808.0,0.0,0.0,0.0,Yahoo_daily
2026-05-18,9.65999984741211,9.6899995803833,9.614999771118164,9.647500038146973,9.42985725402832,1493622.0,0.0,0.0,0.0,Yahoo_daily
2026-05-19,9.712499618530273,9.717499732971191,9.649999618530273,9.65999984741211,9.4420747756958,939466.0,0.0,0.0,0.0,Yahoo_daily
2026-05-20,9.692500114440918,9.772500038146973,9.6899995803833,9.755000114440918,9.534932136535645,765965.0,0.0,0.0,0.0,Yahoo_daily
2026-05-21,9.569999694824219,9.582500457763672,9.52750015258789,9.552499771118164,9.336999893188477,778534.0,0.0,0.0,0.0,Yahoo_daily
2026-05-22,9.59000015258789,9.617500305175781,9.577500343322754,9.609999656677246,9.609999656677246,670395.0,0.2155,0.0,0.0,Yahoo_daily
2026-05-26,9.682499885559082,9.682499885559082,9.612500190734863,9.617500305175781,9.617500305175781,290354.0,0.0,0.0,0.0,Yahoo_daily
2026-05-27,9.657500267028809,9.677499771118164,9.6225004196167,9.637499809265137,9.637499809265137,634167.0,0.0,0.0,0.0,Yahoo_daily
2026-05-28,9.649999618530273,9.682499885559082,9.614999771118164,9.672499656677246,9.672499656677246,270283.0,0.0,0.0,0.0,Yahoo_daily
2026-05-29,9.670000076293945,9.682499885559082,9.649999618530273,9.670000076293945,9.670000076293945,408576.0,0.0,0.0,0.0,Yahoo_daily
2026-06-01,9.680000305175781,9.680000305175781,9.592499732971191,9.619999885559082,9.619999885559082,287575.0,0.0,0.0,0.0,Yahoo_daily
2026-06-02,9.65250015258789,9.664999961853027,9.635000228881836,9.637499809265137,9.637499809265137,480364.0,0.0,0.0,0.0,Yahoo_daily
2026-06-03,9.614999771118164,9.6225004196167,9.59000015258789,9.592499732971191,9.592499732971191,581352.0,0.0,0.0,0.0,Yahoo_daily
2026-06-04,9.607500076293945,9.630000114440918,9.592499732971191,9.612500190734863,9.612500190734863,291358.0,0.0,0.0,0.0,Yahoo_daily
2026-06-05,9.619999885559082,9.630000114440918,9.600000381469727,9.619999885559082,9.619999885559082,539627.0,0.0,0.0,0.0,Yahoo_daily
2026-06-08,9.609999656677246,9.6225004196167,9.577500343322754,9.592499732971191,9.592499732971191,277140.0,0.0,0.0,0.0,Yahoo_daily
2026-06-09,9.595000267028809,9.6274995803833,9.59000015258789,9.604999542236328,9.604999542236328,669963.0,0.0,0.0,0.0,Yahoo_daily
2026-06-10,9.602499961853027,9.625,9.579999923706055,9.602499961853027,9.602499961853027,277822.0,0.0,0.0,0.0,Yahoo_daily
2026-06-11,9.595000267028809,9.635000228881836,9.585000038146973,9.6274995803833,9.6274995803833,309481.0,0.0,0.0,0.0,Yahoo_daily
2026-06-12,9.677499771118164,9.702500343322754,9.635000228881836,9.664999961853027,9.664999961853027,243370.0,0.0,0.0,0.0,Yahoo_daily
2026-06-15,9.710000038146973,9.727499961853027,9.675000190734863,9.6850004196167,9.6850004196167,266741.0,0.0,0.0,0.0,Yahoo_daily
2026-06-16,9.712499618530273,9.712499618530273,9.672499656677246,9.6899995803833,9.6899995803833,230848.0,0.0,0.0,0.0,Yahoo_daily
2026-06-17,9.72249984741211,9.737500190734863,9.6899995803833,9.717499732971191,9.717499732971191,251610.0,0.0,0.0,0.0,Yahoo_daily
2026-06-18,9.739999771118164,9.742500305175781,9.707500457763672,9.729999542236328,9.729999542236328,497692.0,0.0,0.0,0.0,Yahoo_daily
2026-06-19,9.702500343322754,9.72249984741211,9.664999961853027,9.672499656677246,9.672499656677246,631380.0,0.0,0.0,0.0,Yahoo_daily
2026-06-22,9.710000038146973,9.729999542236328,9.657500267028809,9.6875,9.6875,466642.0,0.0,0.0,0.0,Yahoo_daily
2026-06-23,9.732500076293945,9.734999656677246,9.692500114440918,9.732500076293945,9.732500076293945,329419.0,0.0,0.0,0.0,Yahoo_daily
2026-06-24,9.734999656677246,9.792499542236328,9.725000381469727,9.77750015258789,9.77750015258789,508429.0,0.0,0.0,0.0,Yahoo_daily
2026-06-25,9.787500381469727,9.795000076293945,9.767499923706055,9.774999618530273,9.774999618530273,2518060.0,0.0,0.0,0.0,Yahoo_daily
2026-06-26,9.782500267028809,9.792499542236328,9.72249984741211,9.755000114440918,9.755000114440918,753336.0,0.0,0.0,0.0,Yahoo_daily
2026-06-29,9.742500305175781,9.767499923706055,9.727499961853027,9.762499809265137,9.762499809265137,264102.0,0.0,0.0,0.0,Yahoo_daily
2026-06-30,9.792499542236328,9.792499542236328,9.727499961853027,9.737500190734863,9.737500190734863,391209.0,0.0,0.0,0.0,Yahoo_daily
2026-07-01,9.720000267028809,9.746899604797363,9.692500114440918,9.742500305175781,9.742500305175781,3712639.0,0.0,0.0,0.0,Yahoo_daily
2026-07-02,9.737500190734863,9.737500190734863,9.699999809265137,9.727499961853027,9.727499961853027,361745.0,0.0,0.0,0.0,Yahoo_daily
2026-07-03,9.72249984741211,9.729999542236328,9.704999923706055,9.725000381469727,9.725000381469727,360613.0,0.0,0.0,0.0,Yahoo_daily
2026-07-06,9.734999656677246,9.739999771118164,9.710000038146973,9.710000038146973,9.710000038146973,438865.0,0.0,0.0,0.0,Yahoo_daily
2026-07-07,9.697500228881836,9.717499732971191,9.682499885559082,9.682499885559082,9.682499885559082,388793.0,0.0,0.0,0.0,Yahoo_daily
2026-07-08,9.649999618530273,9.65999984741211,9.592499732971191,9.592499732971191,9.592499732971191,344227.0,0.0,0.0,0.0,Yahoo_daily
2026-07-09,9.632499694824219,9.65250015258789,9.609999656677246,9.645000457763672,9.645000457763672,153219.0,0.0,0.0,0.0,Yahoo_daily
2026-07-10,9.667499542236328,9.682499885559082,9.645000457763672,9.670000076293945,9.670000076293945,358925.0,0.0,0.0,0.0,Yahoo_daily
2026-07-13,9.647500038146973,9.65250015258789,9.604999542236328,9.604999542236328,9.604999542236328,210551.0,0.0,0.0,0.0,Yahoo_daily
2026-07-14,9.5625,9.6274995803833,9.561200141906738,9.619999885559082,9.619999885559082,379523.0,0.0,0.0,0.0,Yahoo_daily
2026-07-15,9.59749984741211,9.642499923706055,9.59000015258789,9.642499923706055,9.642499923706055,219730.0,0.0,0.0,0.0,Yahoo_daily
2026-07-16,9.6274995803833,9.6274995803833,9.592499732971191,9.6225004196167,9.6225004196167,316874.0,0.0,0.0,0.0,Yahoo_daily
2026-07-17,9.625,9.642499923706055,9.612500190734863,9.625,9.625,99363.0,0.0,0.0,0.0,Yahoo_daily
2026-07-20,9.592499732971191,9.630000114440918,9.569999694824219,9.572500228881836,9.572500228881836,324602.0,0.0,0.0,0.0,Yahoo_daily
2026-07-21,9.572500228881836,9.592499732971191,9.555000305175781,9.579999923706055,9.579999923706055,674358.0,0.0,0.0,0.0,Yahoo_daily
2026-07-22,9.572500228881836,9.587499618530273,9.552499771118164,9.5649995803833,9.5649995803833,529731.0,0.0,0.0,0.0,Yahoo_daily
2026-07-23,9.5600004196167,9.5625,9.524999618530273,9.524999618530273,9.524999618530273,266411.0,0.0,0.0,0.0,Yahoo_daily
2026-07-24,9.550000190734863,9.587499618530273,9.539999961853027,9.582500457763672,9.582500457763672,630129.0,0.0,0.0,0.0,Yahoo_daily
2026-07-27,9.6225004196167,9.647500038146973,9.602499961853027,9.614999771118164,9.614999771118164,279501.0,0.0,0.0,0.0,Yahoo_daily
2026-07-28,9.642499923706055,9.647500038146973,9.6225004196167,9.635000228881836,9.635000228881836,139309.0,0.0,0.0,0.0,Yahoo_daily
2026-07-29,9.619999885559082,9.637499809265137,9.585000038146973,9.585000038146973,9.585000038146973,256482.0,0.0,0.0,0.0,Yahoo_daily
2026-07-30,9.572500228881836,9.617500305175781,9.567500114440918,9.612500190734863,9.612500190734863,213717.0,0.0,0.0,0.0,Yahoo_daily
2026-07-31,9.6225004196167,9.635000228881836,9.572500228881836,9.577500343322754,9.577500343322754,322434.0,0.0,0.0,0.0,Yahoo_daily
2026-08-03,9.640000343322754,9.647500038146973,9.595000267028809,9.637499809265137,9.637499809265137,287502.0,0.0,0.0,0.0,Yahoo_daily
2026-08-04,9.649999618530273,9.672499656677246,9.612500190734863,9.670000076293945,9.670000076293945,186754.0,0.0,0.0,0.0,Yahoo_daily
2026-08-05,9.682499885559082,9.694999694824219,9.670000076293945,9.682499885559082,9.682499885559082,553570.0,0.0,0.0,0.0,Yahoo_daily
2026-08-06,9.682499885559082,9.6875,9.654999732971191,9.657500267028809,9.657500267028809,2046362.0,0.0,0.0,0.0,Yahoo_daily
2026-08-07,9.647500038146973,9.6850004196167,9.640000343322754,9.667499542236328,9.667499542236328,215967.0,0.0,0.0,0.0,Yahoo_daily
2026-08-10,9.667499542236328,9.675000190734863,9.6225004196167,9.625,9.625,195833.0,0.0,0.0,0.0,Yahoo_daily
2026-08-11,9.604999542236328,9.662500381469727,9.577500343322754,9.635000228881836,9.635000228881836,458065.0,0.0,0.0,0.0,Yahoo_daily
2026-08-12,9.640000343322754,9.667499542236328,9.630000114440918,9.635000228881836,9.635000228881836,286960.0,0.0,0.0,0.0,Yahoo_daily
2026-08-13,9.637499809265137,9.677499771118164,9.635000228881836,9.645000457763672,9.645000457763672,150003.0,0.0,0.0,0.0,Yahoo_daily
2026-08-14,9.6274995803833,9.649999618530273,9.596949577331543,9.600000381469727,9.600000381469727,137359.0,0.0,0.0,0.0,Yahoo_daily
2026-08-17,9.609999656677246,9.617500305175781,9.574999809265137,9.579999923706055,9.579999923706055,504062.0,0.0,0.0,0.0,Yahoo_daily
2026-08-18,9.5649995803833,9.582500457763672,9.552499771118164,9.5649995803833,9.5649995803833,202921.0,0.0,0.0,0.0,Yahoo_daily
2026-08-19,9.59000015258789,9.614999771118164,9.569999694824219,9.59749984741211,9.59749984741211,442371.0,0.0,0.0,0.0,Yahoo_daily
2026-08-20,9.602499961853027,9.609999656677246,9.5649995803833,9.577500343322754,9.577500343322754,280904.0,0.0,0.0,0.0,Yahoo_daily
2026-08-21,9.577500343322754,9.607500076293945,9.577500343322754,9.59000015258789,9.59000015258789,276823.0,0.0,0.0,0.0,Yahoo_daily
2026-08-24,9.607500076293945,9.614999771118164,9.577500343322754,9.595000267028809,9.595000267028809,446126.0,0.0,0.0,0.0,Yahoo_daily
2026-08-25,9.604999542236328,9.645000457763672,9.577500343322754,9.645000457763672,9.645000457763672,630397.0,0.0,0.0,0.0,Yahoo_daily
2026-08-26,9.642499923706055,9.654999732971191,9.614999771118164,9.614999771118164,9.614999771118164,296946.0,0.0,0.0,0.0,Yahoo_daily
2026-08-27,9.630000114440918,9.654999732971191,9.609999656677246,9.6225004196167,9.6225004196167,193790.0,0.0,0.0,0.0,Yahoo_daily
2026-08-28,9.609999656677246,9.645000457763672,9.592499732971191,9.600000381469727,9.600000381469727,389482.0,0.0,0.0,0.0,Yahoo_daily
2026-09-01,9.555000305175781,9.574999809265137,9.522870063781738,9.550000190734863,9.550000190734863,663917.0,0.0,0.0,0.0,Yahoo_daily
2026-09-02,9.517499923706055,9.552499771118164,9.505000114440918,9.542499542236328,9.542499542236328,484208.0,0.0,0.0,0.0,Yahoo_daily
2026-09-03,9.5600004196167,9.60830020904541,9.557499885559082,9.602499961853027,9.602499961853027,383110.0,0.0,0.0,0.0,Yahoo_daily
2026-09-04,9.582500457763672,9.619999885559082,9.577500343322754,9.607500076293945,9.607500076293945,772221.0,0.0,0.0,0.0,Yahoo_daily
2026-09-07,9.6225004196167,9.6225004196167,9.577500343322754,9.582500457763672,9.582500457763672,200753.0,0.0,0.0,0.0,Yahoo_daily
2026-09-08,9.585000038146973,9.604999542236328,9.5625,9.592499732971191,9.592499732971191,940180.0,0.0,0.0,0.0,Yahoo_daily
2026-09-09,9.574999809265137,9.585000038146973,9.52750015258789,9.539999961853027,9.539999961853027,349565.0,0.0,0.0,0.0,Yahoo_daily
2026-09-10,9.555000305175781,9.555000305175781,9.470000267028809,9.47249984741211,9.47249984741211,622323.0,0.0,0.0,0.0,Yahoo_daily
2026-09-11,9.470000267028809,9.517499923706055,9.468130111694336,9.4975004196167,9.4975004196167,800263.0,0.0,0.0,0.0,Yahoo_daily
2026-09-14,9.479999542236328,9.487500190734863,9.442500114440918,9.482500076293945,9.482500076293945,454539.0,0.0,0.0,0.0,Yahoo_daily
2026-09-15,9.460000038146973,9.487500190734863,9.447500228881836,9.475000381469727,9.475000381469727,1121106.0,0.0,0.0,0.0,Yahoo_daily
2026-09-16,9.5,9.53499984741211,9.470000267028809,9.522500038146973,9.522500038146973,340961.0,0.0,0.0,0.0,Yahoo_daily
2026-09-17,9.53499984741211,9.607500076293945,9.521869659423828,9.595000267028809,9.595000267028809,555471.0,0.0,0.0,0.0,Yahoo_daily
2026-09-18,9.592499732971191,9.600299835205078,9.550000190734863,9.5625,9.5625,224049.0,0.0,0.0,0.0,Yahoo_daily
2026-09-21,9.607500076293945,9.625,9.59000015258789,9.607500076293945,9.607500076293945,416227.0,0.0,0.0,0.0,Yahoo_daily
2026-09-22,9.59749984741211,9.640000343322754,9.587499618530273,9.587499618530273,9.587499618530273,697194.0,0.0,0.0,0.0,Yahoo_daily
2026-09-23,9.617500305175781,9.619999885559082,9.52750015258789,9.52750015258789,9.52750015258789,156179.0,0.0,0.0,0.0,Yahoo_daily
2026-09-24,9.53499984741211,9.552499771118164,9.4975004196167,9.4975004196167,9.4975004196167,398384.0,0.0,0.0,0.0,Yahoo_daily
2026-09-25,9.539999961853027,9.557499885559082,9.492500305175781,9.512499809265137,9.512499809265137,322499.0,0.0,0.0,0.0,Yahoo_daily
2026-09-28,9.505000114440918,9.512499809265137,9.472800254821777,9.479999542236328,9.479999542236328,246722.0,0.0,0.0,0.0,Yahoo_daily
2026-09-29,9.5,9.531450271606445,9.481949806213379,9.482500076293945,9.482500076293945,491494.0,0.0,0.0,,complete_observed_hourly_session
2026-09-30,9.507499694824219,9.539999961853027,9.479999542236328,9.484999656677246,9.484999656677246,1657133.0,0.0,0.0,0.0,Yahoo_daily
