,Open,High,Low,Close,Adj Close,Volume,Dividends,Stock Splits,V9 Source
2024-09-30,38.6,3867.0,3813.0,38.18,38.18,53605.0,0.0,0.0,Yahoo_daily
2024-10-01,38.46,3906.0,3844.0,39.03,39.03,70906.0,0.0,0.0,Yahoo_daily
2024-10-02,38.76,3902.0,3871.0,38.795,38.795,70621.0,0.0,0.0,Yahoo_daily
2024-10-03,39.19,3948.0,3901.0,39.31,39.31,25475.0,0.0,0.0,Yahoo_daily
2024-10-04,39.34,3958.0,3914.0,39.42,39.42,57282.0,0.0,0.0,Yahoo_daily
2024-10-07,39.18,3958.0,3902.0,39.38,39.38,92754.0,0.0,0.0,Yahoo_daily
2024-10-08,39.2,3936.0,3872.0,38.730000000000004,38.730000000000004,56885.0,0.0,0.0,Yahoo_daily
2024-10-09,38.83,3896.0,3867.0,38.86,38.86,87293.0,0.0,0.0,Yahoo_daily
2024-10-10,38.82,3920.0,3864.0,39.03,39.03,59924.0,0.0,0.0,Yahoo_daily
2024-10-11,39.32,3954.0,3919.0,39.52,39.52,57764.0,0.0,0.0,Yahoo_daily
2024-10-14,39.65,3966.0,3936.0,39.410000000000004,39.410000000000004,65728.0,0.0,0.0,Yahoo_daily
2024-10-15,39.47,3958.0,3913.720947265625,39.56,39.56,32356.0,0.0,0.0,Yahoo_daily
2024-10-16,40.07,4010.0,3985.0,39.980000000000004,39.980000000000004,57924.0,0.0,0.0,Yahoo_daily
2024-10-17,40.14,4034.0,3998.0,40.245,40.245,62428.0,0.0,0.0,Yahoo_daily
2024-10-18,40.300000000000004,4056.0,4018.0,40.51,40.51,66711.0,0.0,0.0,Yahoo_daily
2024-10-21,40.75,4093.0,4065.0,40.75,40.75,109490.0,0.0,0.0,Yahoo_daily
2024-10-22,40.86,4121.0,3945.3701171875,41.055,41.055,147394.0,0.0,0.0,Yahoo_daily
2024-10-23,41.22,4143.0,4057.0,40.81,40.81,83828.0,0.0,0.0,Yahoo_daily
2024-10-24,41.09,4124.0,4079.0,40.96,40.96,104652.0,0.0,0.0,Yahoo_daily
2024-10-25,40.95,4107.0,4067.0,41.045,41.045,62397.0,0.0,0.0,Yahoo_daily
2024-10-28,41.06,4127.0,4086.0,41.09,41.09,96814.0,0.0,0.0,Yahoo_daily
2024-10-29,41.24,4150.0,4099.59619140625,41.36,41.36,88281.0,0.0,0.0,Yahoo_daily
2024-10-30,41.56,4186.0,4139.0,41.64,41.64,123393.0,0.0,0.0,Yahoo_daily
2024-10-31,41.62,4168.0,4122.0,41.39,41.39,93845.0,0.0,0.0,Yahoo_daily
2024-11-01,41.45,4152.0,4109.0,41.19,41.19,64201.0,0.0,0.0,Yahoo_daily
2024-11-04,41.01,4118.0,4087.0,41.08,41.08,26625.0,0.0,0.0,Yahoo_daily
2024-11-05,40.99,4128.962890625,4085.0,40.9,40.9,63185.0,0.0,0.0,Yahoo_daily
2024-11-06,41.160000000000004,4132.0,4012.0,40.300000000000004,40.300000000000004,108153.0,0.0,0.0,Yahoo_daily
2024-11-07,40.04,4038.0,3993.0,40.33,40.33,56708.0,0.0,0.0,Yahoo_daily
2024-11-08,40.300000000000004,4061.0,4022.0,40.410000000000004,40.410000000000004,79247.0,0.0,0.0,Yahoo_daily
2024-11-11,40.24,4032.0,3944.0,39.51,39.51,87270.0,0.0,0.0,Yahoo_daily
2024-11-12,39.410000000000004,4054.4189453125,3924.0,39.660000000000004,39.660000000000004,101051.0,0.0,0.0,Yahoo_daily
2024-11-13,39.77,3997.0,3956.0,39.56,39.56,56588.0,0.0,0.0,Yahoo_daily
2024-11-14,39.18,3953.0,3894.0,39.38,39.38,106744.0,0.0,0.0,Yahoo_daily
2024-11-15,39.36,3964.0,3931.0,39.475,39.475,47390.0,0.0,0.0,Yahoo_daily
2024-11-18,39.76,4022.0,3974.0,40.13,40.13,63707.0,0.0,0.0,Yahoo_daily
2024-11-19,40.18,4059.0,3972.68505859375,40.27,40.27,80838.0,0.0,0.0,Yahoo_daily
2024-11-20,40.14,4077.0,4010.0,40.77,40.77,53345.0,0.0,0.0,Yahoo_daily
2024-11-21,40.910000000000004,4117.0,4077.0,41.14,41.14,49770.0,0.0,0.0,Yahoo_daily
2024-11-22,41.67,4214.0,4152.0,41.99,41.99,66841.0,0.0,0.0,Yahoo_daily
2024-11-25,41.27,4160.0,4065.0,40.730000000000004,40.730000000000004,110630.0,0.0,0.0,Yahoo_daily
2024-11-26,40.5,4076.0,4020.946044921875,40.730000000000004,40.730000000000004,28101.0,0.0,0.0,Yahoo_daily
2024-11-27,40.86,4099.0,4048.0,40.51,40.51,23714.0,0.0,0.0,Yahoo_daily
2024-11-28,40.54,4069.0,4040.0,40.5,40.5,35865.0,0.0,0.0,Yahoo_daily
2024-11-29,40.64,4099.0,4058.0,40.71,40.71,28219.0,0.0,0.0,Yahoo_daily
2024-12-02,40.31,4083.0,4020.0,40.625,40.625,60621.0,0.0,0.0,Yahoo_daily
2024-12-03,40.59,4074.0,4043.0,40.59,40.59,59504.0,0.0,0.0,Yahoo_daily
2024-12-04,40.480000000000004,4080.0,4040.0,40.56,40.56,47308.0,0.0,0.0,Yahoo_daily
2024-12-05,40.46,4054.0,4016.0,40.2,40.2,53216.0,0.0,0.0,Yahoo_daily
2024-12-06,40.2,4031.0,3996.0,40.24,40.24,57984.0,0.0,0.0,Yahoo_daily
2024-12-09,40.35,4075.0,4027.0,40.52,40.52,84534.0,0.0,0.0,Yahoo_daily
2024-12-10,40.65,4108.0,4058.0,40.96,40.96,45404.0,0.0,0.0,Yahoo_daily
2024-12-11,41.06,4153.0,4096.0,41.4,41.4,59872.0,0.0,0.0,Yahoo_daily
2024-12-12,41.35,4143.0,4095.0,40.99,40.99,71283.0,0.0,0.0,Yahoo_daily
2024-12-13,41.29,4133.0,4083.0,40.96,40.96,49554.0,0.0,0.0,Yahoo_daily
2024-12-16,40.83,4094.0,4057.0,40.6,40.6,128810.0,0.0,0.0,Yahoo_daily
2024-12-17,40.61,4062.0,4030.0,40.35,40.35,47946.0,0.0,0.0,Yahoo_daily
2024-12-18,40.5,4059.0,4033.0,40.39,40.39,88937.0,0.0,0.0,Yahoo_daily
2024-12-19,40.31,4055.0,4003.0,40.11,40.11,90185.0,0.0,0.0,Yahoo_daily
2024-12-20,40.51,4080.0,4032.0,40.56,40.56,60471.0,0.0,0.0,Yahoo_daily
2024-12-23,40.68,4073.0,4048.0,40.56,40.56,58883.0,0.0,0.0,Yahoo_daily
2024-12-24,40.62,4062.0,4043.77490234375,40.49,40.49,21014.0,0.0,0.0,Yahoo_daily
2024-12-27,40.85,4093.0,4038.0,40.47,40.47,66507.0,0.0,0.0,Yahoo_daily
2024-12-30,40.44,4051.0,4027.0,40.34,40.34,38182.0,0.0,0.0,Yahoo_daily
2024-12-31,40.44,4054.0,4042.0,40.46,40.46,41450.0,0.0,0.0,Yahoo_daily
2025-01-02,40.97,4175.0,4082.0,41.75,41.75,66122.0,0.0,0.0,Yahoo_daily
2025-01-03,41.61,4169.0,4133.0,41.35,41.35,41166.0,0.0,0.0,Yahoo_daily
2025-01-06,40.99,4110.0,4067.0,40.95,40.95,74850.0,0.0,0.0,Yahoo_daily
2025-01-07,40.89,4131.0,4081.0,41.27,41.27,68657.0,0.0,0.0,Yahoo_daily
2025-01-08,41.35,4205.0,4132.0,41.96,41.96,81970.0,0.0,0.0,Yahoo_daily
2025-01-09,42.21,4236.0,4207.0,42.18,42.18,50378.0,0.0,0.0,Yahoo_daily
2025-01-10,42.31,4291.0,4220.0,42.84,42.84,217313.0,0.0,0.0,Yahoo_daily
2025-01-13,43.01,4316.0,4255.0,42.61,42.61,226166.0,0.0,0.0,Yahoo_daily
2025-01-14,42.5,4273.0,4239.0,42.58,42.58,64182.0,0.0,0.0,Yahoo_daily
2025-01-15,42.62,4278.0,4214.0,42.74,42.74,92369.0,0.0,0.0,Yahoo_daily
2025-01-16,42.89,4336.0,4289.0,43.18,43.18,87790.0,0.0,0.0,Yahoo_daily
2025-01-17,43.26,4334.0,4304.0,43.28,43.28,76385.0,0.0,0.0,Yahoo_daily
2025-01-20,43.03,4323.0,4261.0,42.74,42.74,79811.0,0.0,0.0,Yahoo_daily
2025-01-21,43.22,4337.0,4310.0,43.24,43.24,85703.0,0.0,0.0,Yahoo_daily
2025-01-22,43.38,4358.0,4330.0,43.54,43.54,70323.0,0.0,0.0,Yahoo_daily
2025-01-23,43.49,4353.0,4315.0,43.33,43.33,66191.0,0.0,0.0,Yahoo_daily
2025-01-24,43.5,4363.0,4317.0,43.2,43.2,68838.0,0.0,0.0,Yahoo_daily
2025-01-27,43.01,4312.0,4264.0,42.68,42.68,74302.0,0.0,0.0,Yahoo_daily
2025-01-28,42.800000000000004,4334.88818359375,4273.0,43.07,43.07,129955.0,0.0,0.0,Yahoo_daily
2025-01-29,43.08,4327.0,4300.0,43.0,43.0,60332.0,0.0,0.0,Yahoo_daily
2025-01-30,43.24,4363.0,4320.0,43.54,43.54,137419.0,0.0,0.0,Yahoo_daily
2025-01-31,43.72,4416.0,4366.0,43.88,43.88,91256.0,0.0,0.0,Yahoo_daily
2025-02-03,44.14,4456.0,4405.0,44.17,44.17,303784.0,0.0,0.0,Yahoo_daily
2025-02-04,44.03,4450.0,4310.6748046875,44.230000000000004,44.230000000000004,302934.0,0.0,0.0,Yahoo_daily
2025-02-05,44.53,4500.0,4430.0,44.53,44.53,287426.0,0.0,0.0,Yahoo_daily
2025-02-06,44.51,4514.0,4439.0,44.550000000000004,44.550000000000004,286804.0,0.0,0.0,Yahoo_daily
2025-02-07,44.74,4518.0,4460.0,44.910000000000004,44.910000000000004,199922.0,0.0,0.0,Yahoo_daily
2025-02-10,45.35,4571.0,4530.0,45.6,45.6,322359.0,0.0,0.0,Yahoo_daily
2025-02-11,45.89,4592.0,4470.34814453125,45.46,45.46,224874.0,0.0,0.0,Yahoo_daily
2025-02-12,45.13,4541.0,4486.0,45.300000000000004,45.300000000000004,190380.0,0.0,0.0,Yahoo_daily
2025-02-13,45.28,4555.0,4519.0,45.21,45.21,107615.0,0.0,0.0,Yahoo_daily
2025-02-14,45.34,4543.0,4457.0,44.585,44.585,123488.0,0.0,0.0,Yahoo_daily
2025-02-17,44.77,4482.0,4464.0,44.64,44.64,83722.0,0.0,0.0,Yahoo_daily
2025-02-18,44.83,4546.30810546875,4479.0,45.13,45.13,105856.0,0.0,0.0,Yahoo_daily
2025-02-19,45.2,4548.0,4513.0,45.17,45.17,129925.0,0.0,0.0,Yahoo_daily
2025-02-20,45.5,4555.0,4506.0,45.28,45.28,102126.0,0.0,0.0,Yahoo_daily
2025-02-21,44.95,4513.0,4479.0,45.13,45.13,91793.0,0.0,0.0,Yahoo_daily
2025-02-24,45.25,4544.0,4507.0,45.22,45.22,127463.0,0.0,0.0,Yahoo_daily
2025-02-25,45.160000000000004,4531.0,4434.0,44.480000000000004,44.480000000000004,128121.0,0.0,0.0,Yahoo_daily
2025-02-26,44.78,4484.0,4437.0,44.56,44.56,105897.0,0.0,0.0,Yahoo_daily
2025-02-27,44.37,4447.0,4405.0,44.230000000000004,44.230000000000004,77784.0,0.0,0.0,Yahoo_daily
2025-02-28,44.14,4421.0,4366.0,43.96,43.96,146368.0,0.0,0.0,Yahoo_daily
2025-03-03,44.15,4430.0,4394.0,44.18,44.18,370432.0,0.0,0.0,Yahoo_daily
2025-03-04,44.35,4472.0,4431.0,44.47,44.47,184156.0,0.0,0.0,Yahoo_daily
2025-03-05,44.22,4447.0,4387.0,44.230000000000004,44.230000000000004,130964.0,0.0,0.0,Yahoo_daily
2025-03-06,43.82,4400.0,4361.0,43.910000000000004,43.910000000000004,89785.0,0.0,0.0,Yahoo_daily
2025-03-07,43.93,4408.0,4371.0,43.88,43.88,68377.0,0.0,0.0,Yahoo_daily
2025-03-10,43.84,4392.0,4352.0,43.71,43.71,142528.0,0.0,0.0,Yahoo_daily
2025-03-11,43.67,4409.56494140625,4365.0,43.78,43.78,132195.0,0.0,0.0,Yahoo_daily
2025-03-12,43.800000000000004,4400.0,4360.0,43.99,43.99,82445.0,0.0,0.0,Yahoo_daily
2025-03-13,44.03,4492.0,4402.0,44.74,44.74,152963.0,0.0,0.0,Yahoo_daily
2025-03-14,44.9,4516.0,4475.0,44.93,44.93,151074.0,0.0,0.0,Yahoo_daily
2025-03-17,44.86,4497.0,4471.0,44.800000000000004,44.800000000000004,80930.0,0.0,0.0,Yahoo_daily
2025-03-18,45.13,4558.0,4447.5009765625,45.39,45.39,152858.0,0.0,0.0,Yahoo_daily
2025-03-19,45.46,4555.0,4529.0,45.46,45.46,92051.0,0.0,0.0,Yahoo_daily
2025-03-20,45.57,4577.0,4541.0,45.49,45.49,170076.0,0.0,0.0,Yahoo_daily
2025-03-21,45.53,4564.0,4507.0,45.36,45.36,188384.0,0.0,0.0,Yahoo_daily
2025-03-24,45.36,4553.0,4508.0,45.32,45.32,113902.0,0.0,0.0,Yahoo_daily
2025-03-25,45.33,4560.0,4493.44384765625,45.34,45.34,346833.0,0.0,0.0,Yahoo_daily
2025-03-26,45.59,4568.0,4537.0,45.47,45.47,69782.0,0.0,0.0,Yahoo_daily
2025-03-27,45.69,4595.0,4555.0,45.78,45.78,166967.0,0.0,0.0,Yahoo_daily
2025-03-28,46.19,4647.0,4601.0,46.25,46.25,239275.0,0.0,0.0,Yahoo_daily
2025-03-31,46.75,4707.0,4656.0,46.93,46.93,351465.0,0.0,0.0,Yahoo_daily
2025-04-01,47.12,4734.0,4550.22705078125,47.03,47.03,164225.0,0.0,0.0,Yahoo_daily
2025-04-02,46.92,4714.0,4670.0,46.87,46.87,214245.0,0.0,0.0,Yahoo_daily
2025-04-03,46.33,4635.0,4502.0,46.04,46.04,388683.0,0.0,0.0,Yahoo_daily
2025-04-04,46.160000000000004,4691.0,4540.0,45.4,45.4,355837.0,0.0,0.0,Yahoo_daily
2025-04-07,45.62,4621.0,4516.0,45.51,45.51,457474.0,0.0,0.0,Yahoo_daily
2025-04-08,45.77,4667.966796875,4563.0,45.75,45.75,276865.0,0.0,0.0,Yahoo_daily
2025-04-09,45.96,4700.0,4590.0,46.910000000000004,46.910000000000004,410613.0,0.0,0.0,Yahoo_daily
2025-04-10,47.12,4753.0,4678.0,47.44,47.44,506084.0,0.0,0.0,Yahoo_daily
2025-04-11,47.72,4827.0,4762.0,48.230000000000004,48.230000000000004,547744.0,0.0,0.0,Yahoo_daily
2025-04-14,47.67,4775.0,4720.0,47.25,47.25,411005.0,0.0,0.0,Yahoo_daily
2025-04-15,47.49,4753.0,4613.76220703125,47.34,47.34,214781.0,0.0,0.0,Yahoo_daily
2025-04-16,48.230000000000004,4868.0,4812.0,48.68,48.68,242825.0,0.0,0.0,Yahoo_daily
2025-04-17,48.9,4908.0,4813.0,48.32,48.32,266843.0,0.0,0.0,Yahoo_daily
2025-04-22,50.42,5054.0,4781.3427734375,49.660000000000004,49.660000000000004,443508.0,0.0,0.0,Yahoo_daily
2025-04-23,48.28,4878.0,4762.0,47.910000000000004,47.910000000000004,310240.0,0.0,0.0,Yahoo_daily
2025-04-24,48.660000000000004,4886.0,4825.0,48.620000000000005,48.620000000000005,374192.0,0.0,0.0,Yahoo_daily
2025-04-25,48.26,4839.0,4760.0,47.79,47.79,251891.0,0.0,0.0,Yahoo_daily
2025-04-28,47.980000000000004,4843.0,4765.0,48.300000000000004,48.300000000000004,207932.0,0.0,0.0,Yahoo_daily
2025-04-29,48.06,4844.87890625,4779.0,47.97,47.97,120792.0,0.0,0.0,Yahoo_daily
2025-04-30,47.93,4840.0,4752.0,48.160000000000004,48.160000000000004,159759.0,0.0,0.0,Yahoo_daily
2025-05-01,47.29,4731.0,4670.0,46.92,46.92,279706.0,0.0,0.0,Yahoo_daily
2025-05-02,47.49,4779.0,4728.0,47.37,47.37,175464.0,0.0,0.0,Yahoo_daily
2025-05-06,49.13,4941.0,4725.85302734375,49.410000000000004,49.410000000000004,381182.0,0.0,0.0,Yahoo_daily
2025-05-07,49.33,4942.0,4908.0,49.29,49.29,199354.0,0.0,0.0,Yahoo_daily
2025-05-08,48.72,4909.0,4868.0,48.800000000000004,48.800000000000004,196618.0,0.0,0.0,Yahoo_daily
2025-05-09,48.78,4885.0,4852.0,48.79,48.79,182601.0,0.0,0.0,Yahoo_daily
2025-05-12,47.83,4783.0,4730.0,47.6,47.6,298910.0,0.0,0.0,Yahoo_daily
2025-05-13,48.02,4890.6328125,4738.0,47.550000000000004,47.550000000000004,175810.0,0.0,0.0,Yahoo_daily
2025-05-14,47.160000000000004,4725.0,4632.0,46.52,46.52,322826.0,0.0,0.0,Yahoo_daily
2025-05-15,46.02,4706.0,4581.0,47.01,47.01,264590.0,0.0,0.0,Yahoo_daily
2025-05-16,46.88,4693.0,4611.0,46.59,46.59,173132.0,0.0,0.0,Yahoo_daily
2025-05-19,47.04,4720.0,4676.0,47.0,47.0,201565.0,0.0,0.0,Yahoo_daily
2025-05-20,46.660000000000004,4775.0,4659.0,47.62,47.62,162872.0,0.0,0.0,Yahoo_daily
2025-05-21,47.95,4804.0,4764.0,47.855000000000004,47.855000000000004,126595.0,0.0,0.0,Yahoo_daily
2025-05-22,48.17,4822.0,4748.0,47.660000000000004,47.660000000000004,215410.0,0.0,0.0,Yahoo_daily
2025-05-23,48.120000000000005,4837.0,4779.0,48.32,48.32,326467.0,0.0,0.0,Yahoo_daily
2025-05-27,47.44,4768.06201171875,4713.0,47.36,47.36,140799.0,0.0,0.0,Yahoo_daily
2025-05-28,47.660000000000004,4782.0,4750.0,47.56,47.56,105191.0,0.0,0.0,Yahoo_daily
2025-05-29,47.21,4780.0,4720.0,47.75,47.75,105634.0,0.0,0.0,Yahoo_daily
2025-05-30,47.59,4766.0,4721.0,47.410000000000004,47.410000000000004,120407.0,0.0,0.0,Yahoo_daily
2025-06-02,48.050000000000004,4849.0,4794.0,48.370000000000005,48.370000000000005,135126.0,0.0,0.0,Yahoo_daily
2025-06-03,48.25,4839.0,4758.833984375,48.14,48.14,160027.0,0.0,0.0,Yahoo_daily
2025-06-04,48.2,4844.0,4803.0,48.29,48.29,125342.0,0.0,0.0,Yahoo_daily
2025-06-05,48.27,4870.0,4797.0,47.97,47.97,124467.0,0.0,0.0,Yahoo_daily
2025-06-06,48.17,4833.0,4758.0,47.86,47.86,120299.0,0.0,0.0,Yahoo_daily
2025-06-09,47.6,4774.0,4744.0,47.7,47.7,105310.0,0.0,0.0,Yahoo_daily
2025-06-10,47.94,4824.20703125,4778.0,47.82,47.82,68061.0,0.0,0.0,Yahoo_daily
2025-06-11,48.120000000000005,4823.0,4781.0,47.85,47.85,102600.0,0.0,0.0,Yahoo_daily
2025-06-12,48.32,4851.0,4794.0,48.46,48.46,138837.0,0.0,0.0,Yahoo_daily
2025-06-13,49.01,4950.0,4887.0,48.910000000000004,48.910000000000004,181984.0,0.0,0.0,Yahoo_daily
2025-06-16,48.86,4895.0,4829.0,48.660000000000004,48.660000000000004,146231.0,0.0,0.0,Yahoo_daily
2025-06-17,48.47,4871.0,4827.19091796875,48.620000000000005,48.620000000000005,147955.0,0.0,0.0,Yahoo_daily
2025-06-18,48.78,4909.0,4868.0,48.870000000000005,48.870000000000005,146347.0,0.0,0.0,Yahoo_daily
2025-06-19,48.660000000000004,4890.0,4852.0,48.69,48.69,92173.0,0.0,0.0,Yahoo_daily
2025-06-20,48.26,4865.0,4810.0,48.58,48.58,123878.0,0.0,0.0,Yahoo_daily
2025-06-23,48.51,4909.0,4843.0,48.76,48.76,93716.0,0.0,0.0,Yahoo_daily
2025-06-24,47.56,4864.080078125,4577.55810546875,47.24,47.24,302159.0,0.0,0.0,Yahoo_daily
2025-06-25,47.51,4757.0,4726.0,47.42,47.42,95403.0,0.0,0.0,Yahoo_daily
2025-06-26,47.300000000000004,4744.0,4681.0,46.96,46.96,97981.0,0.0,0.0,Yahoo_daily
2025-06-27,46.56,4669.0,4608.0,46.36,46.36,166943.0,0.0,0.0,Yahoo_daily
2025-06-30,46.550000000000004,4675.0,4638.0,46.58,46.58,158169.0,0.0,0.0,Yahoo_daily
2025-07-01,47.08,4748.0,4687.60302734375,47.34,47.34,145872.0,0.0,0.0,Yahoo_daily
2025-07-02,47.160000000000004,4786.0,4710.0,47.67,47.67,161866.0,0.0,0.0,Yahoo_daily
2025-07-03,47.85,4785.0,4729.0,47.36,47.36,123017.0,0.0,0.0,Yahoo_daily
2025-07-04,47.46,4756.0,4740.0,47.445,47.445,96648.0,0.0,0.0,Yahoo_daily
2025-07-07,47.21,4738.0,4707.0,47.300000000000004,47.300000000000004,142737.0,0.0,0.0,Yahoo_daily
2025-07-08,47.54,4772.0,4661.18310546875,47.19,47.19,117450.0,0.0,0.0,Yahoo_daily
2025-07-09,47.02,4737.0,4688.0,47.31,47.31,94441.0,0.0,0.0,Yahoo_daily
2025-07-10,47.47,4769.0,4737.0,47.550000000000004,47.550000000000004,103783.0,0.0,0.0,Yahoo_daily
2025-07-11,47.800000000000004,4845.0,4776.0,48.38,48.38,174421.0,0.0,0.0,Yahoo_daily
2025-07-14,48.63,4868.0,4820.0,48.32,48.32,147372.0,0.0,0.0,Yahoo_daily
2025-07-15,48.56,4863.0,4712.44677734375,48.27,48.27,175868.0,0.0,0.0,Yahoo_daily
2025-07-16,48.38,4888.0,4822.0,48.64,48.64,213978.0,0.0,0.0,Yahoo_daily
2025-07-17,48.39,4842.0,4795.0,48.32,48.32,139478.0,0.0,0.0,Yahoo_daily
2025-07-18,48.33,4852.0,4829.0,48.45,48.45,121338.0,0.0,0.0,Yahoo_daily
2025-07-21,48.620000000000005,4898.0,4854.0,48.88,48.88,201382.0,0.0,0.0,Yahoo_daily
2025-07-22,48.83,4938.0,4839.0029296875,49.230000000000004,49.230000000000004,172767.0,0.0,0.0,Yahoo_daily
2025-07-23,49.160000000000004,4927.0,4882.0,48.86,48.86,112366.0,0.0,0.0,Yahoo_daily
2025-07-24,48.35,4845.0,4809.0,48.410000000000004,48.410000000000004,200141.0,0.0,0.0,Yahoo_daily
2025-07-25,48.36,4843.0,4812.0,48.120000000000005,48.120000000000005,108020.0,0.0,0.0,Yahoo_daily
2025-07-28,48.32,4837.0,4779.0,48.06,48.06,90683.0,0.0,0.0,Yahoo_daily
2025-07-29,48.32,4857.0,4825.0,48.410000000000004,48.410000000000004,56912.0,0.0,0.0,Yahoo_daily
2025-07-30,48.36,4864.0,4809.0,48.14,48.14,83117.0,0.0,0.0,Yahoo_daily
2025-07-31,48.27,4872.0,4825.0,48.410000000000004,48.410000000000004,171516.0,0.0,0.0,Yahoo_daily
2025-08-01,48.410000000000004,4912.0,4833.0,49.1,49.1,165351.0,0.0,0.0,Yahoo_daily
2025-08-04,49.14,4945.0,4901.0,49.315,49.315,114387.0,0.0,0.0,Yahoo_daily
2025-08-05,49.26,4954.0,4838.61083984375,49.42,49.42,122412.0,0.0,0.0,Yahoo_daily
2025-08-06,49.28,4934.0,4900.0,49.13,49.13,79913.0,0.0,0.0,Yahoo_daily
2025-08-07,49.21,4934.0,4880.0,49.050000000000004,49.050000000000004,134670.0,0.0,0.0,Yahoo_daily
2025-08-08,49.11,4936.0,4882.0,48.97,48.97,272744.0,0.0,0.0,Yahoo_daily
2025-08-11,48.550000000000004,4868.0,4839.0,48.53,48.53,179349.0,0.0,0.0,Yahoo_daily
2025-08-12,48.36,4929.9931640625,4797.0,48.15,48.15,145594.0,0.0,0.0,Yahoo_daily
2025-08-13,48.230000000000004,4825.0,4802.0,48.02,48.02,81700.0,0.0,0.0,Yahoo_daily
2025-08-14,48.09,4813.0,4780.0,47.93,47.93,55990.0,0.0,0.0,Yahoo_daily
2025-08-15,47.85,4798.0,4769.0,47.84,47.84,80796.0,0.0,0.0,Yahoo_daily
2025-08-18,48.03,4810.0,4781.0,47.9,47.9,47575.0,0.0,0.0,Yahoo_daily
2025-08-19,47.93,4832.158203125,4777.0,47.85,47.85,49547.0,0.0,0.0,Yahoo_daily
2025-08-20,47.86,4829.0,4776.0,48.19,48.19,75965.0,0.0,0.0,Yahoo_daily
2025-08-21,48.19,4847.0,4794.0,48.36,48.36,58622.0,0.0,0.0,Yahoo_daily
2025-08-22,48.24,4852.0,4808.0,48.44,48.44,199975.0,0.0,0.0,Yahoo_daily
2025-08-26,48.74,4879.0,4790.2412109375,48.76,48.76,105807.0,0.0,0.0,Yahoo_daily
2025-08-27,48.730000000000004,4893.0,4868.0,48.86,48.86,96510.0,0.0,0.0,Yahoo_daily
2025-08-28,48.81,4906.0,4875.33984375,48.96,48.96,83010.0,0.0,0.0,Yahoo_daily
2025-08-29,49.07,4955.0,4904.0,49.54,49.54,230129.0,0.0,0.0,Yahoo_daily
2025-09-01,49.95,4996.0,4975.0,49.86,49.86,151183.0,0.0,0.0,Yahoo_daily
2025-09-02,50.02,5100.0,4877.84521484375,51.0,51.0,349627.0,0.0,0.0,Yahoo_daily
2025-09-03,51.300000000000004,5153.0,5116.0,51.5,51.5,549780.0,0.0,0.0,Yahoo_daily
2025-09-04,51.120000000000005,5141.0,5106.0,51.27,51.27,366530.0,0.0,0.0,Yahoo_daily
2025-09-05,51.28,5160.0,5111.0,51.49,51.49,288423.0,0.0,0.0,Yahoo_daily
2025-09-08,51.7,5230.0,5166.0,52.160000000000004,52.160000000000004,252006.0,0.0,0.0,Yahoo_daily
2025-09-09,52.22,5261.0,5069.97998046875,52.230000000000004,52.230000000000004,272385.0,0.0,0.0,Yahoo_daily
2025-09-10,52.32,5250.0,5218.0,52.26,52.26,305768.0,0.0,0.0,Yahoo_daily
2025-09-11,52.2,5230.0,5190.0,52.03,52.03,247895.0,0.0,0.0,Yahoo_daily
2025-09-12,52.29,5239.0,5216.0,52.22,52.22,166881.0,0.0,0.0,Yahoo_daily
2025-09-15,52.08,5239.0,5187.0,52.36,52.36,239451.0,0.0,0.0,Yahoo_daily
2025-09-16,52.61,5268.0,5206.8388671875,52.38,52.38,208216.0,0.0,0.0,Yahoo_daily
2025-09-17,52.34,5241.0,5208.380859375,52.4,52.4,532189.0,0.0,0.0,Yahoo_daily
2025-09-18,51.96,5239.0,5191.0,52.160000000000004,52.160000000000004,153403.0,0.0,0.0,Yahoo_daily
2025-09-19,52.43,5296.0,5243.0,52.870000000000005,52.870000000000005,232640.0,0.0,0.0,Yahoo_daily
2025-09-22,53.5,5368.0,5340.0,53.68,53.68,267103.0,0.0,0.0,Yahoo_daily
2025-09-23,53.94,5451.0,5213.47607421875,54.31,54.31,493411.0,0.0,0.0,Yahoo_daily
2025-09-24,54.27,5452.0,5410.0,54.1,54.1,233300.0,0.0,0.0,Yahoo_daily
2025-09-25,53.97,5440.0,5394.0,54.34,54.34,267693.0,0.0,0.0,Yahoo_daily
2025-09-26,54.38,5487.0,5431.0,54.72,54.72,193924.0,0.0,0.0,Yahoo_daily
2025-09-29,55.14,5545.0,5493.0,55.34,55.34,336853.0,0.0,0.0,Yahoo_daily
2025-09-30,55.72,5577.0,5426.701171875,55.45,55.45,343648.0,0.0,0.0,Yahoo_daily
2025-10-01,55.660000000000004,5620.0,5546.0,55.67,55.67,327608.0,0.0,0.0,Yahoo_daily
2025-10-02,55.64,5623.0,5535.0,55.45,55.45,215343.0,0.0,0.0,Yahoo_daily
2025-10-03,55.78,5610.0,5565.0,56.02,56.02,228399.0,0.0,0.0,Yahoo_daily
2025-10-06,56.82,5714.0,5672.0,56.95,56.95,298758.0,0.0,0.0,Yahoo_daily
2025-10-07,57.06,5769.0,5530.82080078125,57.56,57.56,297035.0,0.0,0.0,Yahoo_daily
2025-10-08,58.43,5867.0,5825.0,58.56,58.56,553832.0,0.0,0.0,Yahoo_daily
2025-10-09,58.5,5891.0,5827.0,58.550000000000004,58.550000000000004,531356.0,0.0,0.0,Yahoo_daily
2025-10-10,57.97,5854.0,5772.0,58.35,58.35,653785.0,0.0,0.0,Yahoo_daily
2025-10-13,59.19,5980.0,5916.0,59.660000000000004,59.660000000000004,380700.0,0.0,0.0,Yahoo_daily
2025-10-14,60.08,6067.0,5792.294921875,60.44,60.44,651796.0,0.0,0.0,Yahoo_daily
2025-10-15,61.0,6138.0,6050.0,60.75,60.75,510311.0,0.0,0.0,Yahoo_daily
2025-10-16,61.11,6179.0,6102.0,61.76,61.76,401292.0,0.0,0.0,Yahoo_daily
2025-10-17,62.89,6300.0,6104.0,61.68,61.68,1111279.0,0.0,0.0,Yahoo_daily
2025-10-20,61.32,6301.0,6128.0,62.89,62.89,470776.0,0.0,0.0,Yahoo_daily
2025-10-21,62.95,6295.0,5920.0,59.83,59.83,1511004.0,0.0,0.0,Yahoo_daily
2025-10-22,60.53,6056.0,5830.0,58.58,58.58,1237164.0,0.0,0.0,Yahoo_daily
2025-10-23,59.88,6052.0,5953.0,60.38,60.38,507206.0,0.0,0.0,Yahoo_daily
2025-10-24,59.6,6036.0,5897.0,60.26,60.26,523017.0,0.0,0.0,Yahoo_daily
2025-10-27,59.31,5935.0,5781.0,58.08,58.08,673999.0,0.0,0.0,Yahoo_daily
2025-10-28,57.31,6186.81298828125,5670.0,57.910000000000004,57.910000000000004,901561.0,0.0,0.0,Yahoo_daily
2025-10-29,58.74,5925.0,5847.0,58.660000000000004,58.660000000000004,459371.0,0.0,0.0,Yahoo_daily
2025-10-30,58.29,5945.0,5826.0,59.02,59.02,323068.0,0.0,0.0,Yahoo_daily
2025-10-31,59.4,5977.0,5870.0,58.910000000000004,58.910000000000004,303659.0,0.0,0.0,Yahoo_daily
2025-11-03,59.49,5980.0,5901.0,59.02,59.02,285640.0,0.0,0.0,Yahoo_daily
2025-11-04,59.11,5944.0,5850.0,59.09,59.09,296201.0,0.0,0.0,Yahoo_daily
2025-11-05,59.22,5941.0,5895.0,59.24,59.24,189995.0,0.0,0.0,Yahoo_daily
2025-11-06,59.54,5979.0,5890.0,58.92,58.92,302475.0,0.0,0.0,Yahoo_daily
2025-11-07,59.29,5947.0,5881.0,59.2,59.2,180461.0,0.0,0.0,Yahoo_daily
2025-11-10,60.13,6049.0,6000.0,60.410000000000004,60.410000000000004,296296.0,0.0,0.0,Yahoo_daily
2025-11-11,61.08,6133.0,5912.923828125,60.58,60.58,276142.0,0.0,0.0,Yahoo_daily
2025-11-12,60.79,6200.0,6070.0,62.0,62.0,243925.0,0.0,0.0,Yahoo_daily
2025-11-13,62.34,6265.0,6165.0,61.89,61.89,511197.0,0.0,0.0,Yahoo_daily
2025-11-14,61.74,6192.0,5943.0,60.480000000000004,60.480000000000004,666210.0,0.0,0.0,Yahoo_daily
2025-11-17,60.26,6035.0,5973.0,60.02,60.02,425082.0,0.0,0.0,Yahoo_daily
2025-11-18,59.27,6100.77587890625,5918.0,60.0,60.0,339555.0,0.0,0.0,Yahoo_daily
2025-11-19,60.370000000000005,6122.0,6028.0,60.57,60.57,437800.0,0.0,0.0,Yahoo_daily
2025-11-20,60.35,6083.0,6001.0,60.300000000000004,60.300000000000004,387408.0,0.0,0.0,Yahoo_daily
2025-11-21,59.85,6066.0,5974.0,60.370000000000005,60.370000000000005,391850.0,0.0,0.0,Yahoo_daily
2025-11-24,60.25,6076.0,6014.0,60.68,60.68,244361.0,0.0,0.0,Yahoo_daily
2025-11-25,61.15,6130.0,6010.30322265625,60.95,60.95,465311.0,0.0,0.0,Yahoo_daily
2025-11-26,61.24,6168.0,6084.0,61.07,61.07,413706.0,0.0,0.0,Yahoo_daily
2025-11-27,61.03,6119.0,6082.7978515625,60.870000000000005,60.870000000000005,130550.0,0.0,0.0,Yahoo_daily
2025-11-28,61.32,6199.0,6091.0,61.730000000000004,61.730000000000004,235241.0,0.0,0.0,Yahoo_daily
2025-12-01,62.35,6255.0,6177.0,62.1,62.1,484372.0,0.0,0.0,Yahoo_daily
2025-12-02,61.910000000000004,6215.72998046875,6089.22509765625,61.57,61.57,371389.0,0.0,0.0,Yahoo_daily
2025-12-03,61.67,6191.0,6129.47998046875,61.47,61.47,387063.0,0.0,0.0,Yahoo_daily
2025-12-04,61.06,6133.0,6088.9501953125,61.27,61.27,213184.0,0.0,0.0,Yahoo_daily
2025-12-05,61.44,6190.669921875,6121.0,61.39,61.39,260424.0,0.0,0.0,Yahoo_daily
2025-12-08,61.31,6143.89990234375,6089.583984375,61.15,61.15,317568.0,0.0,0.0,Yahoo_daily
2025-12-09,60.94,6156.0,6091.0,61.46,61.46,329107.0,0.0,0.0,Yahoo_daily
2025-12-10,61.230000000000004,6130.0,6102.0,61.17,61.17,250635.0,0.0,0.0,Yahoo_daily
2025-12-11,61.230000000000004,6162.0,6097.30419921875,61.61,61.61,357077.0,0.0,0.0,Yahoo_daily
2025-12-12,62.17,6318.0,6208.0,62.21,62.21,611085.0,0.0,0.0,Yahoo_daily
2025-12-15,63.050000000000004,6316.0,6226.0,62.29,62.29,725199.0,0.0,0.0,Yahoo_daily
2025-12-16,62.230000000000004,6278.0,6177.72998046875,62.2,62.2,276182.0,0.0,0.0,Yahoo_daily
2025-12-17,62.92,6315.0,6261.0,62.71,62.71,466485.0,0.0,0.0,Yahoo_daily
2025-12-18,62.92,6336.7998046875,6237.0,63.32,63.32,327804.0,0.0,0.0,Yahoo_daily
2025-12-19,62.79,6327.0,6271.0,63.120000000000005,63.120000000000005,199376.0,0.0,0.0,Yahoo_daily
2025-12-22,63.85,6407.0,6366.0,64.01,64.01,361157.0,0.0,0.0,Yahoo_daily
2025-12-23,64.53,6464.0,6258.5517578125,64.23,64.23,470137.0,0.0,0.0,Yahoo_daily
2025-12-24,64.37,6462.0,6432.0,64.53,64.53,162406.0,0.0,0.0,Yahoo_daily
2025-12-29,64.46000000000001,6464.0,6182.0,62.39,62.39,883277.0,0.0,0.0,Yahoo_daily
2025-12-30,62.83,6438.51123046875,6252.037109375,62.88,62.88,525771.0,0.0,0.0,Yahoo_daily
2025-12-31,62.49,6266.53515625,6208.0,62.17,62.17,300583.0,0.0,0.0,Yahoo_daily
2026-01-02,63.17,6356.0,6209.4267578125,62.1,62.1,548191.0,0.0,0.0,Yahoo_daily
2026-01-05,63.940000000000005,6415.328125,6351.0,63.81,63.81,854566.0,0.0,0.0,Yahoo_daily
2026-01-06,63.88,6450.0,6248.85302734375,64.5,64.5,437205.0,0.0,0.0,Yahoo_daily
2026-01-07,64.19,6438.72900390625,6371.0,64.32000000000001,64.32000000000001,518740.0,0.0,0.0,Yahoo_daily
2026-01-08,63.980000000000004,6446.0,6366.0,64.46000000000001,64.46000000000001,366570.0,0.0,0.0,Yahoo_daily
2026-01-09,64.6,6536.0,6450.0,65.2,65.2,413851.0,0.0,0.0,Yahoo_daily
2026-01-12,66.2,6674.0,6600.0,66.61,66.61,560234.0,0.0,0.0,Yahoo_daily
2026-01-13,66.07000000000001,6684.0,6400.365234375,66.55,66.55,468277.0,0.0,0.0,Yahoo_daily
2026-01-14,66.88,6699.0,6635.47998046875,66.7,66.7,467306.0,0.0,0.0,Yahoo_daily
2026-01-15,66.5,6705.0,6642.9677734375,66.86,66.86,372492.0,0.0,0.0,Yahoo_daily
2026-01-16,66.78,6692.0,6568.0,66.59,66.59,448348.0,0.0,0.0,Yahoo_daily
2026-01-19,67.65,6776.0,6743.0,67.51,67.51,441169.0,0.0,0.0,Yahoo_daily
2026-01-20,67.92,6858.0,6677.1318359375,68.42,68.42,791849.0,0.0,0.0,Yahoo_daily
2026-01-21,70.23,7060.0,6958.0,70.01,70.01,790889.0,0.0,0.0,Yahoo_daily
2026-01-22,69.83,7020.0,6926.0,70.18,70.18,486263.0,0.0,0.0,Yahoo_daily
2026-01-23,71.14,7133.0,7040.0,71.21000000000001,71.21000000000001,642325.0,0.0,0.0,Yahoo_daily
2026-01-26,72.4,7253.0,7186.5439453125,71.91,71.91,763036.0,0.0,0.0,Yahoo_daily
2026-01-27,72.18,7229.0,7009.9990234375,71.76,71.76,552410.0,0.0,0.0,Yahoo_daily
2026-01-28,74.48,7468.76904296875,7381.0,74.44,74.44,930694.0,0.0,0.0,Yahoo_daily
2026-01-29,77.59,7796.0,7194.0,74.35000000000001,74.35000000000001,2024211.0,0.0,0.0,Yahoo_daily
2026-01-30,72.99,7299.0,6977.0,70.55,70.55,1820983.0,0.0,0.0,Yahoo_daily
2026-02-02,65.59,6822.39208984375,6518.0,66.26,66.26,2537522.0,0.0,0.0,Yahoo_daily
2026-02-03,69.55,7286.833984375,6932.337890625,70.57000000000001,70.57000000000001,1294852.0,0.0,0.0,Yahoo_daily
2026-02-04,71.96000000000001,7207.0,6941.93310546875,70.01,70.01,646780.0,0.0,0.0,Yahoo_daily
2026-02-05,70.09,7042.0,6869.0,69.54,69.54,467910.0,0.0,0.0,Yahoo_daily
2026-02-06,69.3,7082.0,6910.60009765625,70.36,70.36,580728.0,0.0,0.0,Yahoo_daily
2026-02-09,71.41,7212.037109375,7103.0,72.01,72.01,486202.0,0.0,0.0,Yahoo_daily
2026-02-10,71.45,7200.60009765625,7026.52294921875,71.28,71.28,385587.0,0.0,0.0,Yahoo_daily
2026-02-11,71.76,7256.6572265625,7153.0,72.25,72.25,522564.0,0.0,0.0,Yahoo_daily
2026-02-12,72.13,7226.0,6953.7998046875,70.29,70.29,509604.0,0.0,0.0,Yahoo_daily
2026-02-13,70.91,7163.8271484375,7038.0,71.47,71.47,467872.0,0.0,0.0,Yahoo_daily
2026-02-16,71.26,7137.5078125,7076.56884765625,71.01,71.01,246327.0,0.0,0.0,Yahoo_daily
2026-02-17,70.37,7158.205078125,6943.13623046875,70.02,70.02,358059.0,0.0,0.0,Yahoo_daily
2026-02-18,70.55,7181.0,7015.0,71.64,71.64,304337.0,0.0,0.0,Yahoo_daily
2026-02-19,71.98,7239.0,7165.0,72.18,72.18,317310.0,0.0,0.0,Yahoo_daily
2026-02-20,72.26,7291.0,7180.0,72.91,72.91,364714.0,0.0,0.0,Yahoo_daily
2026-02-23,73.71000000000001,7500.0,7357.14306640625,74.91,74.91,510158.0,0.0,0.0,Yahoo_daily
2026-02-24,74.58,7459.0,7087.60205078125,73.72,73.72,385493.0,0.0,0.0,Yahoo_daily
2026-02-25,74.44,7467.0,7410.0,74.61,74.61,428558.0,0.0,0.0,Yahoo_daily
2026-02-26,74.32000000000001,7458.0,7369.4599609375,74.45,74.45,324955.0,0.0,0.0,Yahoo_daily
2026-02-27,74.52,7581.0,7439.240234375,75.41,75.41,399529.0,0.0,0.0,Yahoo_daily
2026-03-02,78.5,7810.0,7637.0,76.9,76.9,914745.0,0.0,0.0,Yahoo_daily
2026-03-03,77.56,7770.0,7310.212890625,74.64,74.64,917203.0,0.0,0.0,Yahoo_daily
2026-03-04,75.09,7546.0,7453.5400390625,74.81,74.81,456071.0,0.0,0.0,Yahoo_daily
2026-03-05,75.10000000000001,7533.0,7351.0,73.82000000000001,73.82000000000001,315626.0,0.0,0.0,Yahoo_daily
2026-03-06,74.31,7509.0,7370.0,74.48,74.48,360946.0,0.0,0.0,Yahoo_daily
2026-03-09,74.21000000000001,7462.0,7356.0,73.93,73.93,499885.0,0.0,0.0,Yahoo_daily
2026-03-10,74.60000000000001,7549.8798828125,7442.0,75.42,75.42,521514.0,0.0,0.0,Yahoo_daily
2026-03-11,75.07000000000001,7514.0,7454.0,74.82000000000001,74.82000000000001,263852.0,0.0,0.0,Yahoo_daily
2026-03-12,75.09,7523.46923828125,7434.0,74.57000000000001,74.57000000000001,272881.0,0.0,0.0,Yahoo_daily
2026-03-13,74.31,7491.0,7357.0,74.0,74.0,372427.0,0.0,0.0,Yahoo_daily
2026-03-16,73.22,7351.0,7259.0,72.59,72.59,559246.0,0.0,0.0,Yahoo_daily
2026-03-17,73.22,7335.68017578125,7238.0,72.74,72.74,259192.0,0.0,0.0,Yahoo_daily
2026-03-18,72.61,7261.0,7049.69091796875,71.02,71.02,439952.0,0.0,0.0,Yahoo_daily
2026-03-19,69.31,6933.0,6591.7470703125,66.56,66.56,1247085.0,0.0,0.0,Yahoo_daily
2026-03-20,67.94,6841.0,6612.60009765625,66.82000000000001,66.82000000000001,555538.0,0.0,0.0,Yahoo_daily
2026-03-23,61.7,6503.4921875,6131.0,63.39,63.39,1313730.0,0.0,0.0,Yahoo_daily
2026-03-24,63.65,6433.0,6315.0,64.0,64.0,613674.0,0.0,0.0,Yahoo_daily
2026-03-25,65.86,6639.0,6551.0,66.02,66.02,512841.0,0.0,0.0,Yahoo_daily
2026-03-26,64.73,6500.0,6382.0,63.82,63.82,440794.0,0.0,0.0,Yahoo_daily
2026-03-27,64.85,6633.0,6427.5400390625,65.97,65.97,1212658.0,0.0,0.0,Yahoo_daily
2026-03-30,66.3,6716.0,6619.2421875,66.82000000000001,66.82000000000001,505278.0,0.0,0.0,Yahoo_daily
2026-03-31,67.0,6790.1201171875,6658.0,67.86,67.86,518115.0,0.0,0.0,Yahoo_daily
2026-04-01,69.11,6966.0,6878.35986328125,69.66,69.66,838483.0,0.0,0.0,Yahoo_daily
2026-04-02,67.55,6889.580078125,6731.52490234375,68.47,68.47,497306.0,0.0,0.0,Yahoo_daily
2026-04-07,68.22,6865.60009765625,6753.39990234375,68.08,68.08,379170.0,0.0,0.0,Yahoo_daily
2026-04-08,69.60000000000001,6969.3271484375,6834.0,68.66,68.66,439448.0,0.0,0.0,Yahoo_daily
2026-04-09,68.28,6924.0,6821.36181640625,69.24,69.24,426597.0,0.0,0.0,Yahoo_daily
2026-04-10,68.66,6902.369140625,6842.98291015625,68.8,68.8,254455.0,0.0,0.0,Yahoo_daily
2026-04-13,68.4,6852.60009765625,6780.0,67.96000000000001,67.96000000000001,401424.0,0.0,0.0,Yahoo_daily
2026-04-14,68.61,6881.0,6804.376953125,68.75,68.75,419698.0,0.0,0.0,Yahoo_daily
2026-04-15,68.86,6912.80517578125,6854.0,68.60000000000001,68.60000000000001,309139.0,0.0,0.0,Yahoo_daily
2026-04-16,68.98,6909.0,6850.0,68.86,68.86,291499.0,0.0,0.0,Yahoo_daily
2026-04-17,68.76,6983.47705078125,6858.52197265625,69.72,69.72,404075.0,0.0,0.0,Yahoo_daily
2026-04-20,68.93,6925.30615234375,6869.14990234375,68.88,68.88,371201.0,0.0,0.0,Yahoo_daily
2026-04-21,68.57000000000001,6886.47021484375,6777.35888671875,68.15,68.15,412126.0,0.0,0.0,Yahoo_daily
2026-04-22,68.42,6849.9169921875,6794.0,67.96000000000001,67.96000000000001,231672.0,0.0,0.0,Yahoo_daily
2026-04-23,67.79,6823.0,6734.7001953125,68.01,68.01,263662.0,0.0,0.0,Yahoo_daily
2026-04-24,67.36,6808.0,6724.39111328125,67.85,67.85,238557.0,0.0,0.0,Yahoo_daily
2026-04-27,67.57000000000001,6761.67822265625,6683.0,66.99,66.99,288468.0,0.0,0.0,Yahoo_daily
2026-04-28,66.54,6664.93603515625,6550.2998046875,65.69,65.69,464224.0,0.0,0.0,Yahoo_daily
2026-04-29,65.91,6592.87890625,6489.7001953125,65.35,65.35,252629.0,0.0,0.0,Yahoo_daily
2026-04-30,66.11,6672.326171875,6592.0,66.05,66.05,376155.0,0.0,0.0,Yahoo_daily
2026-05-01,65.53,6622.9521484375,6505.7998046875,66.05,66.05,220240.0,0.0,0.0,Yahoo_daily
2026-05-05,65.22,6561.65185546875,6505.22412109375,65.48,65.48,338518.0,0.0,0.0,Yahoo_daily
2026-05-06,66.65,6729.0,6646.0,66.95,66.95,396002.0,0.0,0.0,Yahoo_daily
2026-05-07,67.62,6783.0,6727.2001953125,67.58,67.58,254500.0,0.0,0.0,Yahoo_daily
2026-05-08,67.5,6761.0,6701.56689453125,67.05,67.05,241971.0,0.0,0.0,Yahoo_daily
2026-05-11,66.77,6758.35986328125,6634.98779296875,67.27,67.27,380917.0,0.0,0.0,Yahoo_daily
2026-05-12,67.29,6756.798828125,6664.6689453125,66.9,66.9,400073.0,0.0,0.0,Yahoo_daily
2026-05-13,67.48,6762.0,6707.20703125,67.36,67.36,311855.0,0.0,0.0,Yahoo_daily
2026-05-14,67.4,6771.35986328125,6712.0,67.47,67.47,252560.0,0.0,0.0,Yahoo_daily
2026-05-15,66.38,6661.0,6560.0,66.18,66.18,306002.0,0.0,0.0,Yahoo_daily
2026-05-18,66.06,6639.10986328125,6568.0,65.76,65.76,274361.0,0.0,0.0,Yahoo_daily
2026-05-19,65.83,6656.0,6472.0029296875,65.2,65.2,370117.0,0.0,0.0,Yahoo_daily
2026-05-20,64.84,6562.0,6477.916015625,65.38,65.38,207963.0,0.0,0.0,Yahoo_daily
2026-05-21,65.29,6555.57080078125,6497.0,65.28,65.28,141697.0,0.0,0.0,Yahoo_daily
2026-05-22,65.41,6553.56005859375,6490.0,65.24,65.24,251541.0,0.0,0.0,Yahoo_daily
2026-05-26,65.24,6536.0,6484.2109375,65.03,65.03,313230.0,0.0,0.0,Yahoo_daily
2026-05-27,64.71000000000001,6492.69287109375,6351.0,64.11,64.11,619468.0,0.0,0.0,Yahoo_daily
2026-05-28,63.5,6469.0,6337.47216796875,64.68,64.68,327114.0,0.0,0.0,Yahoo_daily
2026-05-29,65.29,6612.0,6520.0,65.91,65.91,326250.0,0.0,0.0,Yahoo_daily
2026-06-01,64.87,6503.0,6432.47998046875,64.61,64.61,537810.0,0.0,0.0,Yahoo_daily
2026-06-02,65.29,6539.31884765625,6470.0,64.88,64.88,372984.0,0.0,0.0,Yahoo_daily
2026-06-03,64.38,6452.6982421875,6397.5498046875,64.14,64.14,286985.0,0.0,0.0,Yahoo_daily
2026-06-04,64.52,6511.08984375,6436.69580078125,64.59,64.59,178267.0,0.0,0.0,Yahoo_daily
2026-06-05,64.31,6448.0,6297.0,63.07,63.07,285084.0,0.0,0.0,Yahoo_daily
2026-06-08,62.620000000000005,6308.166015625,6230.0,63.03,63.03,391153.0,0.0,0.0,Yahoo_daily
2026-06-09,62.870000000000005,6311.0048828125,6192.0,61.92,61.92,299867.0,0.0,0.0,Yahoo_daily
2026-06-10,60.93,6097.5478515625,5960.35986328125,59.81,59.81,628849.0,0.0,0.0,Yahoo_daily
2026-06-11,59.38,5961.31689453125,5895.35986328125,59.31,59.31,401620.0,0.0,0.0,Yahoo_daily
2026-06-12,60.51,6122.64501953125,6043.87109375,61.03,61.03,323775.0,0.0,0.0,Yahoo_daily
2026-06-15,62.17,6307.0,6213.201171875,62.86,62.86,487955.0,0.0,0.0,Yahoo_daily
2026-06-16,62.6,6297.27880859375,6244.2568359375,62.550000000000004,62.550000000000004,412261.0,0.0,0.0,Yahoo_daily
2026-06-17,62.61,6315.25,6244.0,63.120000000000005,63.120000000000005,313167.0,0.0,0.0,Yahoo_daily
2026-06-18,62.76,6285.0,6203.0,62.03,62.03,225793.0,0.0,0.0,Yahoo_daily
2026-06-19,60.99,6132.6982421875,6072.55712890625,60.92,60.92,247959.0,0.0,0.0,Yahoo_daily
2026-06-22,61.660000000000004,6176.39697265625,6125.0,61.32,61.32,264795.0,0.0,0.0,Yahoo_daily
2026-06-23,60.33,6083.533203125,5998.6201171875,60.78,60.78,356692.0,0.0,0.0,Yahoo_daily
2026-06-24,60.120000000000005,6019.0,5848.35986328125,59.06,59.06,296075.0,0.0,0.0,Yahoo_daily
2026-06-25,58.58,5936.60302734375,5848.0,59.1,59.1,1069443.0,0.0,0.0,Yahoo_daily
2026-06-26,59.28,6010.7431640625,5915.0,59.94,59.94,241968.0,0.0,0.0,Yahoo_daily
2026-06-29,59.59,5971.5498046875,5864.0,58.870000000000005,58.870000000000005,286031.0,0.0,0.0,Yahoo_daily
2026-06-30,59.01,5949.0,5882.0,58.95,58.95,634205.0,0.0,0.0,Yahoo_daily
2026-07-01,58.230000000000004,6010.0,5803.01806640625,59.6,59.6,449710.0,0.0,0.0,Yahoo_daily
2026-07-02,59.38,6007.6728515625,5906.240234375,59.910000000000004,59.910000000000004,269723.0,0.0,0.0,Yahoo_daily
2026-07-03,60.56,6080.537109375,6040.0,60.53,60.53,264017.0,0.0,0.0,Yahoo_daily
2026-07-06,60.42,6055.0,6000.4228515625,60.26,60.26,415561.0,0.0,0.0,Yahoo_daily
2026-07-07,59.870000000000005,6058.42578125,5969.2900390625,60.08,60.08,409344.0,0.0,0.0,Yahoo_daily
2026-07-08,59.870000000000005,5989.0,5844.7001953125,58.46,58.46,374841.0,0.0,0.0,Yahoo_daily
2026-07-09,59.34,5983.0,5928.3837890625,59.74,59.74,175796.0,0.0,0.0,Yahoo_daily
2026-07-10,59.42,5946.0,5900.0,59.29,59.29,275820.0,0.0,0.0,Yahoo_daily
2026-07-13,58.81,5905.81396484375,5803.0,58.24,58.24,344941.0,0.0,0.0,Yahoo_daily
2026-07-14,58.410000000000004,5927.0,5820.0,59.14,59.14,556681.0,0.0,0.0,Yahoo_daily
2026-07-15,58.28,5882.4990234375,5814.0,58.19,58.19,187947.0,0.0,0.0,Yahoo_daily
2026-07-16,57.76,5806.0,5715.0,57.76,57.76,267847.0,0.0,0.0,Yahoo_daily
2026-07-17,57.57,5789.0,5720.0,57.83,57.83,222318.0,0.0,0.0,Yahoo_daily
2026-07-20,57.7,5813.7001953125,5767.0,58.01,58.01,231377.0,0.0,0.0,Yahoo_daily
2026-07-21,58.83,5914.0,5861.26806640625,59.13,59.13,283631.0,0.0,0.0,Yahoo_daily
2026-07-22,59.67,6033.86181640625,5958.0,60.31,60.31,190847.0,0.0,0.0,Yahoo_daily
2026-07-23,59.74,5974.0,5879.0,59.0,59.0,288035.0,0.0,0.0,Yahoo_daily
2026-07-24,58.77,5934.0,5875.06005859375,59.24,59.24,198352.0,0.0,0.0,Yahoo_daily
2026-07-27,59.550000000000004,5980.919921875,5926.0,59.4,59.4,314767.0,0.0,0.0,Yahoo_daily
2026-07-28,59.07,5912.4951171875,5855.52392578125,58.79,58.79,291120.0,0.0,0.0,Yahoo_daily
2026-07-29,58.97,5902.0,5834.0,58.56,58.56,184867.0,0.0,0.0,Yahoo_daily
2026-07-30,58.69,5951.0,5867.2470703125,59.11,59.11,280542.0,0.0,0.0,Yahoo_daily
2026-07-31,58.81,5883.22705078125,5818.7060546875,58.19,58.19,212309.0,0.0,0.0,Yahoo_daily
2026-08-03,58.54,5857.0,5798.416015625,58.26,58.26,408205.0,0.0,0.0,Yahoo_daily
2026-08-04,58.69,5904.39697265625,5839.2001953125,58.83,58.83,297330.0,0.0,0.0,Yahoo_daily
2026-08-05,60.11,6142.30615234375,5980.0,61.31,61.31,295675.0,0.0,0.0,Yahoo_daily
2026-08-06,61.32,6172.2001953125,6093.35302734375,61.27,61.27,362336.0,0.0,0.0,Yahoo_daily
2026-08-07,61.96,6278.52490234375,6178.0,62.550000000000004,62.550000000000004,420788.0,0.0,0.0,Yahoo_daily
2026-08-10,62.65,6267.22314453125,6200.0,62.39,62.39,531441.0,0.0,0.0,Yahoo_daily
2026-08-11,62.7,6325.2001953125,6261.30078125,62.86,62.86,275047.0,0.0,0.0,Yahoo_daily
2026-08-12,63.24,6366.2001953125,6294.0,63.45,63.45,310998.0,0.0,0.0,Yahoo_daily
2026-08-13,63.03,6324.0,6253.4931640625,62.67,62.67,262817.0,0.0,0.0,Yahoo_daily
2026-08-14,62.28,6291.7998046875,6219.2998046875,62.83,62.83,243444.0,0.0,0.0,Yahoo_daily
2026-08-17,62.980000000000004,6334.0,6263.0,63.28,63.28,320653.0,0.0,0.0,Yahoo_daily
2026-08-18,63.07,6315.7001953125,6235.44091796875,62.440000000000005,62.440000000000005,425293.0,0.0,0.0,Yahoo_daily
2026-08-19,62.26,6403.48291015625,6223.5517578125,63.910000000000004,63.910000000000004,357149.0,0.0,0.0,Yahoo_daily
2026-08-20,64.0,6458.47509765625,6338.17578125,64.32000000000001,64.32000000000001,412671.0,0.0,0.0,Yahoo_daily
2026-08-21,64.82000000000001,6557.0,6479.0,65.52,65.52,560655.0,0.0,0.0,Yahoo_daily
2026-08-24,66.13,6655.0,6588.7001953125,66.43,66.43,932142.0,0.0,0.0,Yahoo_daily
2026-08-25,66.02,6614.0,6549.30078125,66.14,66.14,580359.0,0.0,0.0,Yahoo_daily
2026-08-26,65.96000000000001,6606.0,6546.5810546875,65.6,65.6,404393.0,0.0,0.0,Yahoo_daily
2026-08-27,65.68,6574.0,6517.55078125,65.61,65.61,426237.0,0.0,0.0,Yahoo_daily
2026-08-28,65.84,6609.0,6495.2001953125,65.19,65.19,601160.0,0.0,0.0,Yahoo_daily
2026-09-01,63.51,6351.0,6201.2998046875,62.550000000000004,62.550000000000004,880594.0,0.0,0.0,Yahoo_daily
2026-09-02,62.13,6316.27880859375,6185.32421875,62.81,62.81,516682.0,0.0,0.0,Yahoo_daily
2026-09-03,63.53,6463.0,6353.0,64.54,64.54,908319.0,0.0,0.0,Yahoo_daily
2026-09-04,63.93,6429.658203125,6272.0,63.67,63.67,910151.0,0.0,0.0,Yahoo_daily
2026-09-07,63.0,6335.89990234375,6275.0,63.21,63.21,529127.0,0.0,0.0,Yahoo_daily
2026-09-08,63.120000000000005,6315.876953125,6283.0,63.06,63.06,760760.0,0.0,0.0,Yahoo_daily
2026-09-09,62.96,6343.0,6269.7998046875,63.0,63.0,613279.0,0.0,0.0,Yahoo_daily
2026-09-10,63.31,6331.98095703125,6216.5517578125,62.620000000000005,62.620000000000005,619297.0,0.0,0.0,Yahoo_daily
2026-09-11,62.43,6310.5380859375,6155.0,62.71,62.71,663592.0,0.0,0.0,Yahoo_daily
2026-09-14,62.14,6215.0,6127.94189453125,61.78,61.78,700772.0,0.0,0.0,Yahoo_daily
2026-09-15,61.81,6186.0,6134.89111328125,61.61,61.61,666481.0,0.0,0.0,Yahoo_daily
2026-09-16,62.32,6283.59912109375,6226.0,62.7,62.7,891106.0,0.0,0.0,Yahoo_daily
2026-09-17,62.39,6347.2001953125,6232.55419921875,63.33,63.33,1051346.0,0.0,0.0,Yahoo_daily
2026-09-18,63.730000000000004,6381.384765625,6311.31494140625,63.17,63.17,573674.0,0.0,0.0,Yahoo_daily
2026-09-21,63.09,6329.0,6273.0,63.14,63.14,299089.0,0.0,0.0,Yahoo_daily
2026-09-22,62.64,6309.52001953125,6243.412109375,62.97,62.97,298449.0,0.0,0.0,Yahoo_daily
2026-09-23,63.1,6311.51806640625,6260.0,62.65,62.65,310308.0,0.0,0.0,Yahoo_daily
2026-09-24,62.65,6280.0,6228.3369140625,62.35,62.35,169871.0,0.0,0.0,Yahoo_daily
2026-09-25,62.74,6313.89990234375,6232.0,62.730000000000004,62.730000000000004,150606.0,0.0,0.0,Yahoo_daily
2026-09-28,61.01,6103.0,6022.85009765625,60.29,60.29,419488.0,0.0,0.0,Yahoo_daily
2026-09-29,60.64,6122.65185546875,6058.10009765625,60.94490234375,60.94490234375,160973.0,0.0,0.0,complete_observed_hourly_session
2026-09-30,61.33,6151.56396484375,6067.64013671875,60.76,60.76,522079.0,0.0,0.0,Yahoo_daily
