,VWRP.L,IGLT.L,SGLN.L
2024-09-30,104.12000274658203,9.351034164428711,38.18
2024-10-01,104.45999908447266,9.393733024597168,39.03
2024-10-02,104.97000122070312,9.344292640686035,38.795
2024-10-03,105.63999938964844,9.35777473449707,39.31
2024-10-04,105.91999816894531,9.274625778198242,39.42
2024-10-07,106.52999877929688,9.22518539428711,39.38
2024-10-08,106.16999816894531,9.234174728393555,38.730000000000004
2024-10-09,106.62000274658203,9.24091625213623,38.86
2024-10-10,106.91000366210938,9.213948249816895,39.03
2024-10-11,107.37999725341797,9.234174728393555,39.52
2024-10-14,107.94000244140625,9.211701393127441,39.410000000000004
2024-10-15,107.12000274658203,9.276872634887695,39.56
2024-10-16,107.63999938964844,9.355528831481934,39.980000000000004
2024-10-17,108.04000091552734,9.339797019958496,40.245
2024-10-18,107.9800033569336,9.355528831481934,40.51
2024-10-21,107.5999984741211,9.299346923828125,40.75
2024-10-22,107.69999694824219,9.272377014160156,41.055
2024-10-23,107.30000305175781,9.238669395446777,40.81
2024-10-24,107.16000366210938,9.229679107666016,40.96
2024-10-25,107.5199966430664,9.254399299621582,41.045
2024-10-28,107.4800033569336,9.236420631408691,41.09
2024-10-29,107.26000213623047,9.189228057861328,41.36
2024-10-30,107.12000274658203,9.191475868225098,41.64
2024-10-31,106.4800033569336,9.110570907592773,41.39
2024-11-01,106.5999984741211,9.101582527160645,41.19
2024-11-04,106.16000366210938,9.090346336364746,41.08
2024-11-05,106.54000091552734,9.061131477355957,40.9
2024-11-06,108.63999938964844,9.043153762817383,40.300000000000004
2024-11-07,109.22000122070312,9.06787395477295,40.33
2024-11-08,109.5199966430664,9.119562149047852,40.410000000000004
2024-11-11,110.26000213623047,9.139787673950195,39.51
2024-11-12,110.33999633789062,9.099335670471191,39.660000000000004
2024-11-13,110.55999755859375,9.0813570022583,39.56
2024-11-14,110.5999984741211,9.113463401794434,39.38
2024-11-15,109.69999694824219,9.296059608459473,39.475
2024-11-18,110.19999694824219,9.293718338012695,40.13
2024-11-19,110.0,9.314787864685059,40.27
2024-11-20,109.66000366210938,9.317129135131836,40.77
2024-11-21,111.0,9.317129135131836,41.14
2024-11-22,112.0199966430664,9.35224437713623,41.99
2024-11-25,112.27999877929688,9.4037446975708,40.730000000000004
2024-11-26,112.33999633789062,9.38267707824707,40.730000000000004
2024-11-27,111.27999877929688,9.424814224243164,40.51
2024-11-28,111.5199966430664,9.441201210021973,40.5
2024-11-29,111.7699966430664,9.464612007141113,40.71
2024-12-02,112.5999984741211,9.47631549835205,40.625
2024-12-03,112.62000274658203,9.457588195800781,40.59
2024-12-04,112.69999694824219,9.46226978302002,40.56
2024-12-05,112.68000030517578,9.434178352355957,40.2
2024-12-06,112.76000213623047,9.429495811462402,40.24
2024-12-09,112.4800033569336,9.438859939575195,40.52
2024-12-10,112.05999755859375,9.40140438079834,40.96
2024-12-11,112.54000091552734,9.392040252685547,41.4
2024-12-12,112.73999786376953,9.38267707824707,40.99
2024-12-13,112.9000015258789,9.342880249023438,40.96
2024-12-16,112.4800033569336,9.314787864685059,40.6
2024-12-17,111.94000244140625,9.277332305908203,40.35
2024-12-18,112.08000183105469,9.2586030960083,40.39
2024-12-19,110.66000366210938,9.236366271972656,40.11
2024-12-20,110.91000366210938,9.284355163574219,40.56
2024-12-23,111.13999938964844,9.256263732910156,40.56
2024-12-24,111.5999984741211,9.260946273803711,40.49
2024-12-27,111.23999786376953,9.209444046020508,40.47
2024-12-30,110.80000305175781,9.221148490905762,40.34
2024-12-31,111.16000366210938,9.251581192016602,40.46
2025-01-02,112.1500015258789,9.232853889465332,41.75
2025-01-03,112.08999633789062,9.225830078125,41.35
2025-01-06,112.8499984741211,9.214125633239746,40.95
2025-01-07,112.19000244140625,9.18369197845459,41.27
2025-01-08,112.5999984741211,9.113462448120117,41.96
2025-01-09,113.0199966430664,9.118145942687988,42.18
2025-01-10,112.22000122070312,9.09239387512207,42.84
2025-01-13,112.01000213623047,9.073665618896484,42.61
2025-01-14,112.47000122070312,9.054938316345215,42.58
2025-01-15,113.87999725341797,9.167305946350098,42.74
2025-01-16,114.36000061035156,9.2129545211792,43.18
2025-01-17,115.77999877929688,9.228171348571777,43.28
2025-01-20,115.4000015258789,9.221148490905762,42.74
2025-01-21,115.36000061035156,9.274991035461426,43.24
2025-01-22,116.19999694824219,9.251581192016602,43.54
2025-01-23,116.12999725341797,9.260946273803711,43.33
2025-01-24,115.4000015258789,9.246899604797363,43.2
2025-01-27,113.5199966430664,9.291377067565918,42.68
2025-01-28,114.5199966430664,9.272649765014648,43.07
2025-01-29,114.86000061035156,9.260946273803711,43.0
2025-01-30,115.12000274658203,9.31010627746582,43.54
2025-01-31,116.16000366210938,9.31010627746582,43.88
2025-02-03,114.33999633789062,9.354584693908691,44.17
2025-02-04,114.5999984741211,9.331174850463867,44.230000000000004
2025-02-05,114.30999755859375,9.392040252685547,44.53
2025-02-06,115.80999755859375,9.373312950134277,44.550000000000004
2025-02-07,115.5999984741211,9.366289138793945,44.910000000000004
2025-02-10,116.16000366210938,9.373312950134277,45.6
2025-02-11,115.91999816894531,9.361607551574707,45.46
2025-02-12,115.41000366210938,9.320639610290527,45.300000000000004
2025-02-13,115.63999938964844,9.368630409240723,45.21
2025-02-14,115.4800033569336,9.375654220581055,44.585
2025-02-17,115.83999633789062,9.349902153015137,44.64
2025-02-18,115.73999786376953,9.32181167602539,45.13
2025-02-19,115.87999725341797,9.28669548034668,45.17
2025-02-20,114.9800033569336,9.300743103027344,45.28
2025-02-21,114.93000030517578,9.32181167602539,45.13
2025-02-24,113.83999633789062,9.325323104858398,45.22
2025-02-25,112.41999816894531,9.366289138793945,44.480000000000004
2025-02-26,113.5999984741211,9.368630409240723,44.56
2025-02-27,113.19000244140625,9.35926628112793,44.230000000000004
2025-02-28,112.05000305175781,9.385017395019531,43.96
2025-03-03,112.36000061035156,9.363948822021484,44.18
2025-03-04,109.19999694824219,9.385017395019531,44.47
2025-03-05,109.1500015258789,9.289037704467773,44.230000000000004
2025-03-06,109.63999938964844,9.284355163574219,43.910000000000004
2025-03-07,107.81999969482422,9.303083419799805,43.88
2025-03-10,106.98999786376953,9.305423736572266,43.71
2025-03-11,105.43000030517578,9.283184051513672,43.78
2025-03-12,106.23999786376953,9.244559288024902,43.99
2025-03-13,105.41999816894531,9.274991035461426,44.74
2025-03-14,106.95999908447266,9.298401832580566,44.93
2025-03-17,107.3499984741211,9.342880249023438,44.800000000000004
2025-03-18,107.05000305175781,9.314787864685059,45.39
2025-03-19,107.73999786376953,9.32883358001709,45.46
2025-03-20,107.63999938964844,9.326492309570312,45.49
2025-03-21,107.63999938964844,9.270308494567871,45.36
2025-03-24,109.05999755859375,9.26562786102295,45.32
2025-03-25,108.98999786376953,9.232853889465332,45.34
2025-03-26,108.73999786376953,9.263286590576172,45.47
2025-03-27,107.94000244140625,9.230512619018555,45.78
2025-03-28,106.18000030517578,9.279672622680664,46.25
2025-03-31,105.41999816894531,9.298401832580566,46.93
2025-04-01,106.62000274658203,9.32883358001709,47.03
2025-04-02,106.55999755859375,9.317129135131836,46.87
2025-04-03,102.33999633789062,9.413108825683594,46.04
2025-04-04,98.38999938964844,9.47397518157959,45.4
2025-04-07,96.22000122070312,9.32181167602539,45.51
2025-04-08,99.05000305175781,9.312446594238281,45.75
2025-04-09,95.69999694824219,9.197738647460938,46.910000000000004
2025-04-10,99.16999816894531,9.333516120910645,47.44
2025-04-11,98.8949966430664,9.26562786102295,48.230000000000004
2025-04-14,101.0199966430664,9.324151992797852,47.25
2025-04-15,100.9800033569336,9.305423736572266,47.34
2025-04-16,100.44000244140625,9.354584693908691,48.68
2025-04-17,99.31500244140625,9.366289138793945,48.32
2025-04-22,98.81999969482422,9.380334854125977,49.660000000000004
2025-04-23,101.44000244140625,9.377995491027832,47.910000000000004
2025-04-24,101.9000015258789,9.443543434143066,48.620000000000005
2025-04-25,102.33999633789062,9.431838035583496,47.79
2025-04-28,102.04000091552734,9.429495811462402,48.300000000000004
2025-04-29,102.63999938964844,9.438859939575195,47.97
2025-04-30,102.8499984741211,9.478657722473145,48.160000000000004
2025-05-01,104.91999816894531,9.427155494689941,46.92
2025-05-02,105.7699966430664,9.427155494689941,47.37
2025-05-06,104.9800033569336,9.424814224243164,49.410000000000004
2025-05-07,104.69999694824219,9.459928512573242,49.29
2025-05-08,105.87999725341797,9.406086921691895,48.800000000000004
2025-05-09,105.83999633789062,9.377995491027832,48.79
2025-05-12,108.4800033569336,9.34053897857666,47.6
2025-05-13,109.16000366210938,9.317129135131836,47.550000000000004
2025-05-14,109.01000213623047,9.296059608459473,46.52
2025-05-15,109.2699966430664,9.132190704345703,47.01
2025-05-16,109.8499984741211,9.338229179382324,46.59
2025-05-19,109.41000366210938,9.343012809753418,47.0
2025-05-20,109.66000366210938,9.309534072875977,47.62
2025-05-21,109.11000061035156,9.264098167419434,47.855000000000004
2025-05-22,107.79000091552734,9.271271705627441,47.660000000000004
2025-05-23,106.77999877929688,9.283227920532227,48.32
2025-05-27,108.25,9.335838317871094,47.36
2025-05-28,108.3499984741211,9.302359580993652,47.56
2025-05-29,108.5199966430664,9.366925239562988,47.75
2025-05-30,108.18000030517578,9.35975170135498,47.410000000000004
2025-06-02,107.9000015258789,9.340620994567871,48.370000000000005
2025-06-03,108.86000061035156,9.37888240814209,48.14
2025-06-04,109.12000274658203,9.409969329833984,48.29
2025-06-05,109.22000122070312,9.402796745300293,47.97
2025-06-06,109.62000274658203,9.381274223327637,47.86
2025-06-09,109.66000366210938,9.383666038513184,47.7
2025-06-10,110.13999938964844,9.441058158874512,47.82
2025-06-11,110.54000091552734,9.43149185180664,47.85
2025-06-12,110.08000183105469,9.508014678955078,48.46
2025-06-13,109.41000366210938,9.455405235290527,48.910000000000004
2025-06-16,110.12000274658203,9.460188865661621,48.660000000000004
2025-06-17,110.0,9.457797050476074,48.620000000000005
2025-06-18,110.12999725341797,9.486493110656738,48.870000000000005
2025-06-19,109.0,9.445840835571289,48.69
2025-06-20,109.38999938964844,9.464971542358398,48.58
2025-06-23,109.2699966430664,9.500842094421387,48.76
2025-06-24,110.13999938964844,9.503232955932617,47.24
2025-06-25,110.18000030517578,9.488884925842285,47.42
2025-06-26,110.04000091552734,9.519972801208496,46.96
2025-06-27,111.0999984741211,9.47931957244873,46.36
2025-06-30,111.25,9.481711387634277,46.58
2025-07-01,111.26000213623047,9.522363662719727,47.34
2025-07-02,112.44000244140625,9.402796745300293,47.67
2025-07-03,112.9800033569336,9.453014373779297,47.36
2025-07-04,112.5,9.445840835571289,47.445
2025-07-07,112.44000244140625,9.421927452087402,47.300000000000004
2025-07-08,112.7300033569336,9.393230438232422,47.19
2025-07-09,112.95999908447266,9.409969329833984,47.31
2025-07-10,113.63999938964844,9.421927452087402,47.550000000000004
2025-07-11,113.66000366210938,9.400405883789062,48.38
2025-07-14,114.22000122070312,9.40757942199707,48.32
2025-07-15,114.63999938964844,9.388447761535645,48.27
2025-07-16,113.4000015258789,9.390839576721191,48.64
2025-07-17,114.97000122070312,9.383666038513184,48.32
2025-07-18,114.95999908447266,9.35975170135498,48.45
2025-07-21,115.08000183105469,9.417143821716309,48.88
2025-07-22,114.5999984741211,9.436274528503418,49.230000000000004
2025-07-23,114.9800033569336,9.3980131149292,48.86
2025-07-24,115.91999816894531,9.417143821716309,48.410000000000004
2025-07-25,116.5,9.40518856048584,48.120000000000005
2025-07-28,116.55999755859375,9.393230438232422,48.06
2025-07-29,116.83999633789062,9.417143821716309,48.410000000000004
2025-07-30,117.16999816894531,9.433883666992188,48.14
2025-07-31,117.4800033569336,9.462579727172852,48.410000000000004
2025-08-01,115.08000183105469,9.47931957244873,49.1
2025-08-04,116.22000122070312,9.49605941772461,49.315
2025-08-05,116.05999755859375,9.500842094421387,49.42
2025-08-06,116.44000244140625,9.481711387634277,49.13
2025-08-07,116.1500015258789,9.47931957244873,49.050000000000004
2025-08-08,116.41999816894531,9.43149185180664,48.97
2025-08-11,116.81999969482422,9.462579727172852,48.53
2025-08-12,116.66000366210938,9.424318313598633,48.15
2025-08-13,116.88999938964844,9.441058158874512,48.02
2025-08-14,116.86000061035156,9.414752006530762,47.93
2025-08-15,116.88999938964844,9.37888240814209,47.84
2025-08-18,117.26000213623047,9.340620994567871,47.9
2025-08-19,117.4000015258789,9.345404624938965,47.85
2025-08-20,116.95999908447266,9.393230438232422,48.19
2025-08-21,117.30000305175781,9.362144470214844,48.36
2025-08-22,118.05999755859375,9.381274223327637,48.44
2025-08-26,117.55999755859375,9.352578163146973,48.76
2025-08-27,117.95999908447266,9.354969024658203,48.86
2025-08-28,117.83999633789062,9.37888240814209,48.96
2025-08-29,117.31999969482422,9.362144470214844,49.54
2025-09-01,117.4000015258789,9.340620994567871,49.86
2025-09-02,117.13999938964844,9.30714225769043,51.0
2025-09-03,117.5,9.354969024658203,51.5
2025-09-04,118.16000366210938,9.374099731445312,51.27
2025-09-05,117.61000061035156,9.426709175109863,51.49
2025-09-08,118.33999633789062,9.464971542358398,52.160000000000004
2025-09-09,118.36000061035156,9.450623512268066,52.230000000000004
2025-09-10,118.83999633789062,9.443449974060059,52.26
2025-09-11,119.54000091552734,9.46975326538086,52.03
2025-09-12,119.5999984741211,9.42910099029541,52.22
2025-09-15,119.83000183105469,9.443449974060059,52.36
2025-09-16,119.29000091552734,9.443449974060059,52.38
2025-09-17,119.30000305175781,9.460188865661621,52.4
2025-09-18,120.7300033569336,9.443449974060059,52.160000000000004
2025-09-19,121.16999816894531,9.40757942199707,52.870000000000005
2025-09-22,121.41999816894531,9.40757942199707,53.68
2025-09-23,121.70999908447266,9.42910099029541,54.31
2025-09-24,121.5999984741211,9.445840835571289,54.1
2025-09-25,121.72000122070312,9.388447761535645,54.34
2025-09-26,121.37999725341797,9.3980131149292,54.72
2025-09-29,121.95999908447266,9.433883666992188,55.34
2025-09-30,121.66000366210938,9.426709175109863,55.45
2025-10-01,122.27999877929688,9.433883666992188,55.67
2025-10-02,122.95999908447266,9.42910099029541,55.45
2025-10-03,123.36000061035156,9.443449974060059,56.02
2025-10-06,123.4800033569336,9.412361145019531,56.95
2025-10-07,123.22000122070312,9.414752006530762,57.56
2025-10-08,123.91999816894531,9.426709175109863,58.56
2025-10-09,124.33999633789062,9.412361145019531,58.550000000000004
2025-10-10,121.9800033569336,9.467362403869629,58.35
2025-10-13,122.73999786376953,9.474535942077637,59.660000000000004
2025-10-14,122.66000366210938,9.522363662719727,60.44
2025-10-15,123.08000183105469,9.555842399597168,60.75
2025-10-16,123.08000183105469,9.582147598266602,61.76
2025-10-17,122.04000091552734,9.560625076293945,61.68
2025-10-20,123.95999908447266,9.584539413452148,62.89
2025-10-21,124.0999984741211,9.61801815032959,59.83
2025-10-22,123.62000274658203,9.656279563903809,58.58
2025-10-23,124.58000183105469,9.656279563903809,60.38
2025-10-27,126.55999755859375,9.680192947387695,58.08
2025-10-28,127.4800033569336,9.677802085876465,57.910000000000004
2025-10-29,128.24000549316406,9.69214916229248,58.660000000000004
2025-10-30,128.13999938964844,9.680192947387695,59.02
2025-10-31,127.72000122070312,9.69214916229248,58.910000000000004
2025-11-03,127.83999633789062,9.658670425415039,59.02
2025-11-04,127.91999816894531,9.675410270690918,59.09
2025-11-05,128.0,9.6371488571167,59.24
2025-11-06,126.27999877929688,9.67062759399414,58.92
2025-11-07,124.5199966430664,9.644322395324707,59.2
2025-11-10,126.83999633789062,9.656279563903809,60.410000000000004
2025-11-11,127.5999984741211,9.713671684265137,60.58
2025-11-12,128.60000610351562,9.68975830078125,62.0
2025-11-13,126.95999908447266,9.669329643249512,61.89
2025-11-14,126.87999725341797,9.574029922485352,60.480000000000004
2025-11-17,125.91999816894531,9.603352546691895,60.02
2025-11-18,124.33999633789062,9.5838041305542,60.0
2025-11-19,124.80000305175781,9.547149658203125,60.57
2025-11-20,125.31999969482422,9.571585655212402,60.300000000000004
2025-11-21,123.54000091552734,9.605796813964844,60.370000000000005
2025-11-24,125.27999877929688,9.600909233093262,60.68
2025-11-25,125.27999877929688,9.640007019042969,60.95
2025-11-26,126.5199966430664,9.705984115600586,61.07
2025-11-27,126.26000213623047,9.686434745788574,60.870000000000005
2025-11-28,126.73999786376953,9.693765640258789,61.730000000000004
2025-12-01,126.69999694824219,9.671773910522461,62.1
2025-12-02,126.83999633789062,9.671773910522461,61.57
2025-12-03,126.0199966430664,9.698653221130371,61.47
2025-12-04,126.12000274658203,9.718201637268066,61.27
2025-12-05,126.72000122070312,9.693765640258789,61.39
2025-12-08,126.44000244140625,9.666886329650879,61.15
2025-12-09,126.69999694824219,9.683991432189941,61.46
2025-12-10,126.41999816894531,9.674217224121094,61.17
2025-12-11,126.18000030517578,9.693765640258789,61.61
2025-12-12,125.86000061035156,9.657112121582031,62.21
2025-12-15,126.08000183105469,9.686434745788574,62.29
2025-12-16,124.83999633789062,9.66444206237793,62.2
2025-12-17,124.4800033569336,9.688879013061523,62.71
2025-12-18,125.72000122070312,9.7133150100708,63.32
2025-12-19,126.26000213623047,9.674217224121094,63.120000000000005
2025-12-22,126.13999938964844,9.666886329650879,64.01
2025-12-23,126.31999969482422,9.683991432189941,64.23
2025-12-24,126.30000305175781,9.676660537719727,64.53
2025-12-29,126.45999908447266,9.708427429199219,62.39
2025-12-30,126.94000244140625,9.703539848327637,62.88
2025-12-31,126.66000366210938,9.688879013061523,62.17
2026-01-02,126.33999633789062,9.683991432189941,62.1
2026-01-05,127.41999816894531,9.698653221130371,63.81
2026-01-06,127.87999725341797,9.7206449508667,64.5
2026-01-07,128.3000030517578,9.771961212158203,64.32000000000001
2026-01-08,128.16000366210938,9.770739555358887,64.46000000000001
2026-01-09,129.16000366210938,9.79639720916748,65.2
2026-01-12,129.16000366210938,9.793953895568848,66.61
2026-01-13,129.3800048828125,9.791509628295898,66.55
2026-01-14,128.67999267578125,9.818389892578125,66.7
2026-01-15,130.1999969482422,9.79639720916748,66.86
2026-01-16,129.82000732421875,9.789066314697266,66.59
2026-01-19,128.33999633789062,9.78173542022705,67.51
2026-01-20,127.81999969482422,9.737750053405762,68.42
2026-01-21,128.05999755859375,9.757299423217773,70.01
2026-01-22,128.75999450683594,9.745081901550293,70.18
2026-01-23,127.94000244140625,9.715758323669434,71.21000000000001
2026-01-26,127.63999938964844,9.725532531738281,71.91
2026-01-27,127.95999908447266,9.7133150100708,71.76
2026-01-28,127.69999694824219,9.696209907531738,74.44
2026-01-29,126.58000183105469,9.718201637268066,74.35000000000001
2026-01-30,127.33999633789062,9.7133150100708,70.55
2026-02-02,128.3800048828125,9.7206449508667,66.26
2026-02-03,127.63999938964844,9.718201637268066,70.57000000000001
2026-02-04,127.66000366210938,9.688879013061523,70.01
2026-02-05,127.5199966430664,9.683991432189941,69.54
2026-02-06,128.27999877929688,9.698653221130371,70.36
2026-02-09,129.24000549316406,9.703539848327637,72.01
2026-02-10,129.6199951171875,9.723089218139648,71.28
2026-02-11,129.6999969482422,9.742637634277344,72.25
2026-02-12,128.67999267578125,9.762187004089355,70.29
2026-02-13,128.60000610351562,9.791509628295898,71.47
2026-02-16,128.27999877929688,9.79639720916748,71.01
2026-02-17,129.1999969482422,9.818389892578125,70.02
2026-02-18,130.33999633789062,9.820833206176758,71.64
2026-02-19,130.52000427246094,9.82327651977539,72.18
2026-02-20,130.77999877929688,9.84038257598877,72.91
2026-02-23,130.0399932861328,9.869705200195312,74.91
2026-02-24,130.3800048828125,9.877035140991211,73.72
2026-02-25,131.4199981689453,9.86726188659668,74.61
2026-02-26,131.3000030517578,9.901472091674805,74.45
2026-02-27,131.60000610351562,9.930794715881348,75.41
2026-03-02,130.9199981689453,9.87947940826416,76.9
2026-03-03,128.47999572753906,9.79639720916748,74.64
2026-03-04,129.9600067138672,9.84038257598877,74.81
2026-03-05,128.94000244140625,9.754855155944824,73.82000000000001
2026-03-09,126.63999938964844,9.698653221130371,73.93
2026-03-10,128.5399932861328,9.757299423217773,75.42
2026-03-11,127.68000030517578,9.671773910522461,74.82000000000001
2026-03-12,126.73999786376953,9.608240127563477,74.57000000000001
2026-03-13,126.81999969482422,9.58135986328125,74.0
2026-03-16,127.30000305175781,9.610684394836426,72.59
2026-03-17,127.68000030517578,9.674217224121094,72.74
2026-03-18,126.86000061035156,9.63756275177002,71.02
2026-03-19,124.44000244140625,9.598464965820312,66.56
2026-03-20,123.81999969482422,9.481172561645508,66.82000000000001
2026-03-23,124.0199966430664,9.520270347595215,63.39
2026-03-24,124.04000091552734,9.512939453125,64.0
2026-03-25,125.08000183105469,9.591135025024414,66.02
2026-03-26,123.58000183105469,9.49827766418457,63.82
2026-03-27,122.26000213623047,9.493390083312988,65.97
2026-03-30,123.23999786376953,9.520270347595215,66.82000000000001
2026-03-31,123.66000366210938,9.542262077331543,67.86
2026-04-01,126.18000030517578,9.608240127563477,69.66
2026-04-02,126.16000366210938,9.598464965820312,68.47
2026-04-07,125.68000030517578,9.55448055267334,68.08
2026-04-08,128.67999267578125,9.696209907531738,68.66
2026-04-09,129.0,9.642450332641602,69.24
2026-04-10,129.39999389648438,9.605796813964844,68.8
2026-04-13,129.1999969482422,9.578916549682617,67.96000000000001
2026-04-14,130.5800018310547,9.627789497375488,68.75
2026-04-15,131.0800018310547,9.613126754760742,68.60000000000001
2026-04-16,132.02000427246094,9.578916549682617,68.86
2026-04-17,133.74000549316406,9.657112121582031,69.72
2026-04-20,133.02000427246094,9.600909233093262,68.88
2026-04-21,132.75999450683594,9.556924819946289,68.15
2026-04-22,133.16000366210938,9.574029922485352,67.96000000000001
2026-04-23,133.32000732421875,9.537375450134277,68.01
2026-04-24,133.22000122070312,9.542262077331543,67.85
2026-04-27,132.89999389648438,9.505608558654785,66.99
2026-04-28,132.5399932861328,9.483616828918457,65.69
2026-04-29,132.6999969482422,9.473841667175293,65.35
2026-04-30,132.97999572753906,9.505608558654785,66.05
2026-05-01,133.89999389648438,9.532487869262695,66.05
2026-05-05,134.60000610351562,9.473841667175293,65.48
2026-05-06,136.60000610351562,9.549593925476074,66.95
2026-05-07,136.55999755859375,9.549593925476074,67.58
2026-05-08,136.60000610351562,9.578916549682617,67.05
2026-05-11,136.94000244140625,9.517827033996582,67.27
2026-05-12,136.22000122070312,9.459179878234863,66.9
2026-05-13,137.86000061035156,9.478729248046875,67.36
2026-05-14,139.5,9.517827033996582,67.47
2026-05-15,139.0399932861328,9.410307884216309,66.18
2026-05-18,137.67999267578125,9.42985725402832,65.76
2026-05-19,136.94000244140625,9.4420747756958,65.2
2026-05-20,138.13999938964844,9.534932136535645,65.38
2026-05-21,138.1999969482422,9.336999893188477,65.28
2026-05-22,139.47999572753906,9.609999656677246,65.24
2026-05-26,140.52000427246094,9.617500305175781,65.03
2026-05-27,140.5800018310547,9.637499809265137,64.11
2026-05-28,141.1999969482422,9.672499656677246,64.68
2026-05-29,141.36000061035156,9.670000076293945,65.91
2026-06-01,141.6999969482422,9.619999885559082,64.61
2026-06-02,142.4199981689453,9.637499809265137,64.88
2026-06-03,141.8000030517578,9.592499732971191,64.14
2026-06-04,141.75999450683594,9.612500190734863,64.59
2026-06-05,140.13999938964844,9.619999885559082,63.07
2026-06-08,139.75999450683594,9.592499732971191,63.03
2026-06-09,137.60000610351562,9.604999542236328,61.92
2026-06-10,137.3800048828125,9.602499961853027,59.81
2026-06-11,137.8000030517578,9.6274995803833,59.31
2026-06-12,140.0800018310547,9.664999961853027,61.03
2026-06-15,142.16000366210938,9.6850004196167,62.86
2026-06-16,141.9600067138672,9.6899995803833,62.550000000000004
2026-06-17,142.44000244140625,9.717499732971191,63.120000000000005
2026-06-18,143.5,9.729999542236328,62.03
2026-06-19,143.47999572753906,9.672499656677246,60.92
2026-06-22,143.33999633789062,9.6875,61.32
2026-06-23,141.39999389648438,9.732500076293945,60.78
2026-06-24,142.05999755859375,9.77750015258789,59.06
2026-06-25,141.47999572753906,9.774999618530273,59.1
2026-06-26,141.13999938964844,9.755000114440918,59.94
2026-06-29,140.8800048828125,9.762499809265137,58.870000000000005
2026-06-30,142.3000030517578,9.737500190734863,58.95
2026-07-01,142.33999633789062,9.742500305175781,59.6
2026-07-02,141.22000122070312,9.727499961853027,59.910000000000004
2026-07-03,142.05999755859375,9.725000381469727,60.53
2026-07-06,142.44000244140625,9.710000038146973,60.26
2026-07-07,140.72000122070312,9.682499885559082,60.08
2026-07-08,139.66000366210938,9.592499732971191,58.46
2026-07-09,141.27999877929688,9.645000457763672,59.74
2026-07-10,141.55999755859375,9.670000076293945,59.29
2026-07-13,141.27999877929688,9.604999542236328,58.24
2026-07-14,141.47999572753906,9.619999885559082,59.14
2026-07-15,140.5800018310547,9.642499923706055,58.19
2026-07-16,140.4199981689453,9.6225004196167,57.76
2026-07-17,139.0399932861328,9.625,57.83
2026-07-20,139.6199951171875,9.572500228881836,58.01
2026-07-21,140.86000061035156,9.579999923706055,59.13
2026-07-22,141.0800018310547,9.5649995803833,60.31
2026-07-23,139.60000610351562,9.524999618530273,59.0
2026-07-24,140.1199951171875,9.582500457763672,59.24
2026-07-27,139.6999969482422,9.614999771118164,59.4
2026-07-28,140.1999969482422,9.635000228881836,58.79
2026-07-29,139.05999755859375,9.585000038146973,58.56
2026-07-30,138.77999877929688,9.612500190734863,59.11
2026-07-31,139.16000366210938,9.577500343322754,58.19
2026-08-03,141.44000244140625,9.637499809265137,58.26
2026-08-04,143.4600067138672,9.670000076293945,58.83
2026-08-05,144.10000610351562,9.682499885559082,61.31
2026-08-06,143.72000122070312,9.657500267028809,61.27
2026-08-07,144.1999969482422,9.667499542236328,62.550000000000004
2026-08-10,143.82000732421875,9.625,62.39
2026-08-11,143.9199981689453,9.635000228881836,62.86
2026-08-12,144.22000122070312,9.635000228881836,63.45
2026-08-13,144.9600067138672,9.645000457763672,62.67
2026-08-14,144.33999633789062,9.600000381469727,62.83
2026-08-17,144.4600067138672,9.579999923706055,63.28
2026-08-18,142.75999450683594,9.5649995803833,62.440000000000005
2026-08-19,142.6999969482422,9.59749984741211,63.910000000000004
2026-08-20,141.8800048828125,9.577500343322754,64.32000000000001
2026-08-21,142.36000061035156,9.59000015258789,65.52
2026-08-24,141.67999267578125,9.595000267028809,66.43
2026-08-25,142.33999633789062,9.645000457763672,66.14
2026-08-26,142.75999450683594,9.614999771118164,65.6
2026-08-27,143.32000732421875,9.6225004196167,65.61
2026-08-28,144.22000122070312,9.600000381469727,65.19
2026-09-01,142.74000549316406,9.550000190734863,62.550000000000004
2026-09-02,143.25999450683594,9.542499542236328,62.81
2026-09-03,144.27999877929688,9.602499961853027,64.54
2026-09-04,144.25999450683594,9.607500076293945,63.67
2026-09-07,144.0800018310547,9.582500457763672,63.21
2026-09-08,143.9199981689453,9.592499732971191,63.06
2026-09-09,142.67999267578125,9.539999961853027,63.0
2026-09-10,142.0,9.47249984741211,62.620000000000005
2026-09-11,143.22000122070312,9.4975004196167,62.71
2026-09-14,142.33999633789062,9.482500076293945,61.78
2026-09-15,141.55999755859375,9.475000381469727,61.61
2026-09-16,142.66000366210938,9.522500038146973,62.7
2026-09-17,144.16000366210938,9.595000267028809,63.33
2026-09-18,143.32000732421875,9.5625,63.17
2026-09-21,145.36000061035156,9.607500076293945,63.14
2026-09-22,146.1199951171875,9.587499618530273,62.97
2026-09-23,146.05999755859375,9.52750015258789,62.65
2026-09-24,145.32000732421875,9.4975004196167,62.35
2026-09-25,146.1199951171875,9.512499809265137,62.730000000000004
2026-09-28,145.05999755859375,9.479999542236328,60.29
2026-09-29,145.1999969482422,9.482500076293945,60.94490234375
2026-09-30,145.25999450683594,9.484999656677246,60.76
