recorded_at,market_time,london_date,equity_gbp,benchmark_gbp,pnl_gbp,return_pct,benchmark_return_pct,excess_percentage_points,cash_gbp,costs_gbp,holdings
2026-09-09 16:57:19.179505+00:00,2026-09-09 15:00:00+00:00,2026-09-09,1000.0,1000.0,0.0,0.0,0.0,0.0,1000.0,0.0,{}
2026-09-10 08:33:35.270564+00:00,2026-09-10 07:00:00+00:00,2026-09-10,997.9526220812489,998.6415551189958,-2.0473779187510672,-0.2047377918751092,-0.13584448810042282,-0.06889330377468923,250.09498768598598,0.599444454287781,"{""EMIM.L"": 18.09916830579049}"
2026-09-10 09:31:57.315001+00:00,2026-09-10 08:00:00+00:00,2026-09-10,996.6856802998436,996.6848131432683,-3.314319700156375,-0.33143197001563873,-0.3315186856731711,8.671565752820243e-05,250.09498768598598,0.599444454287781,"{""EMIM.L"": 18.09916830579049}"
2026-09-10 10:31:58.014616+00:00,2026-09-10 09:00:00+00:00,2026-09-10,996.8666719829015,997.3836952636453,-3.1333280170985063,-0.31333280170985356,-0.26163047363546577,-0.05170232807438424,250.09498768598598,0.599444454287781,"{""EMIM.L"": 18.09916830579049}"
2026-09-10 11:30:38.038511+00:00,2026-09-10 10:00:00+00:00,2026-09-10,995.9242426332289,997.1040997617184,-4.075757366771086,-0.40757573667711267,-0.2895900238281568,-0.11798571284895161,250.09498768598598,0.599444454287781,"{""EMIM.L"": 18.09916830579049}"
2026-09-10 12:38:08.590597+00:00,2026-09-10 11:00:00+00:00,2026-09-10,994.3327884200909,995.5667510388812,-5.667211579909122,-0.5667211579909126,-0.4433248961118852,-0.1233962618790315,250.09498768598598,0.599444454287781,"{""EMIM.L"": 18.09916830579049}"
2026-09-10 13:30:04.607037+00:00,2026-09-10 12:00:00+00:00,2026-09-10,990.1428486322695,992.4918403243266,-9.857151367730467,-0.9857151367730466,-0.750815967567342,-0.23489916920570977,250.09498768598598,0.599444454287781,"{""EMIM.L"": 18.09916830579049}"
2026-09-10 14:31:25.044150+00:00,2026-09-10 13:00:00+00:00,2026-09-10,989.3970728264287,992.9111269427767,-10.602927173571288,-1.0602927173571253,-0.7088873057223277,-0.35140541163480066,989.3970728264287,1.1913596545603533,{}
2026-09-10 15:31:47.523557+00:00,2026-09-10 14:00:00+00:00,2026-09-10,989.3970728264287,992.7713291918134,-10.602927173571288,-1.0602927173571253,-0.7228670808186566,-0.33742563653846674,989.3970728264287,1.1913596545603533,{}
2026-09-10 16:30:36.079479+00:00,2026-09-10 15:00:00+00:00,2026-09-10,989.3970728264287,992.3520425733632,-10.602927173571288,-1.0602927173571253,-0.764795742663682,-0.29549697469344666,989.3970728264287,1.1913596545603533,{}
2026-09-11 08:32:43.529186+00:00,2026-09-11 07:00:00+00:00,2026-09-11,989.3970728264287,995.147357785991,-10.602927173571288,-1.0602927173571253,-0.4852642214009051,-0.5750284959562236,989.3970728264287,1.1913596545603533,{}
2026-09-11 09:31:10.923520+00:00,2026-09-11 08:00:00+00:00,2026-09-11,989.3970728264287,998.3620662515091,-10.602927173571288,-1.0602927173571253,-0.16379337484909717,-0.8964993425080365,989.3970728264287,1.1913596545603533,{}
2026-09-11 10:31:04.353064+00:00,2026-09-11 09:00:00+00:00,2026-09-11,989.3970728264287,997.8029818820954,-10.602927173571288,-1.0602927173571253,-0.21970181179046255,-0.8405909055666712,989.3970728264287,1.1913596545603533,{}
2026-09-11 11:29:48.032362+00:00,2026-09-11 10:00:00+00:00,2026-09-11,989.3970728264287,997.8029818820954,-10.602927173571288,-1.0602927173571253,-0.21970181179046255,-0.8405909055666712,989.3970728264287,1.1913596545603533,{}
2026-09-11 12:36:44.751760+00:00,2026-09-11 11:00:00+00:00,2026-09-11,989.3970728264287,998.0825773840223,-10.602927173571288,-1.0602927173571253,-0.19174226159777152,-0.8685504557593617,989.3970728264287,1.1913596545603533,{}
2026-09-11 13:31:05.023356+00:00,2026-09-11 12:00:00+00:00,2026-09-11,989.3970728264287,1001.2971792151003,-10.602927173571288,-1.0602927173571253,0.1297179215100197,-1.1900106388671587,989.3970728264287,1.1913596545603533,{}
2026-09-11 14:31:13.106709+00:00,2026-09-11 13:00:00+00:00,2026-09-11,989.3970728264287,1000.5982970947233,-10.602927173571288,-1.0602927173571253,0.05982970947233657,-1.1201224268294596,989.3970728264287,1.1913596545603533,{}
2026-09-11 15:30:44.263169+00:00,2026-09-11 14:00:00+00:00,2026-09-11,989.3970728264287,998.0825773840223,-10.602927173571288,-1.0602927173571253,-0.19174226159777152,-0.8685504557593617,989.3970728264287,1.1913596545603533,{}
2026-09-11 16:31:25.885495+00:00,2026-09-11 15:00:00+00:00,2026-09-11,989.3970728264287,1000.7380948456866,-10.602927173571288,-1.0602927173571253,0.07380948456865433,-1.1341022019257934,989.3970728264287,1.1913596545603533,{}
2026-09-15 08:34:31.570873+00:00,2026-09-15 07:00:00+00:00,2026-09-15,989.3970728264287,988.8578452403584,-10.602927173571288,-1.0602927173571253,-1.1142154759641532,0.053922758607029664,989.3970728264287,1.1913596545603533,{}
2026-09-15 09:36:37.685083+00:00,2026-09-15 08:00:00+00:00,2026-09-15,989.3970728264287,988.5783563728717,-10.602927173571288,-1.0602927173571253,-1.1421643627128386,0.08187164535570446,989.3970728264287,1.1913596545603533,{}
2026-09-15 10:31:35.915213+00:00,2026-09-15 09:00:00+00:00,2026-09-15,989.3970728264287,990.3953005976357,-10.602927173571288,-1.0602927173571253,-0.9604699402364303,-0.09982277712069845,989.3970728264287,1.1913596545603533,{}
2026-09-15 11:30:24.321527+00:00,2026-09-15 10:00:00+00:00,2026-09-15,989.3970728264287,992.4918403243266,-10.602927173571288,-1.0602927173571253,-0.750815967567342,-0.30947674978979195,989.3970728264287,1.1913596545603533,{}
2026-09-15 12:36:42.934684+00:00,2026-09-15 11:00:00+00:00,2026-09-15,989.3970728264287,992.6315314408499,-10.602927173571288,-1.0602927173571253,-0.7368468559150076,-0.32344586144212145,989.3970728264287,1.1913596545603533,{}
2026-09-15 13:31:53.295177+00:00,2026-09-15 12:00:00+00:00,2026-09-15,989.3970728264287,993.6099024287137,-10.602927173571288,-1.0602927173571253,-0.639009757128628,-0.42128296022849554,989.3970728264287,1.1913596545603533,{}
2026-09-15 14:31:03.357980+00:00,2026-09-15 13:00:00+00:00,2026-09-15,989.3970728264287,990.9543849670492,-10.602927173571288,-1.0602927173571253,-0.904561503295076,-0.15573121406205245,989.3970728264287,1.1913596545603533,{}
2026-09-15 15:30:19.228250+00:00,2026-09-15 14:00:00+00:00,2026-09-15,989.3970728264287,987.7396765015312,-10.602927173571288,-1.0602927173571253,-1.2260323498468728,0.16573963248974904,989.3970728264287,1.1913596545603533,{}
2026-09-15 16:31:26.139144+00:00,2026-09-15 15:00:00+00:00,2026-09-15,989.3970728264287,989.2771318588085,-10.602927173571288,-1.0602927173571253,-1.07228681411915,0.011994096762020946,989.3970728264287,1.1913596545603533,{}
2026-09-16 08:33:07.226403+00:00,2026-09-16 07:00:00+00:00,2026-09-16,989.3970728264287,993.6099024287137,-10.602927173571288,-1.0602927173571253,-0.639009757128628,-0.42128296022849554,989.3970728264287,1.1913596545603533,{}
2026-09-16 09:31:15.263326+00:00,2026-09-16 08:00:00+00:00,2026-09-16,989.3970728264287,993.1795258284938,-10.602927173571288,-1.0602927173571253,-0.6820474171506219,-0.378245300206504,989.3970728264287,1.1913596545603533,{}
2026-09-16 10:31:37.943122+00:00,2026-09-16 09:00:00+00:00,2026-09-16,989.3970728264287,993.7497001796771,-10.602927173571288,-1.0602927173571253,-0.625029982032288,-0.43526273532484083,989.3970728264287,1.1913596545603533,{}
2026-09-16 11:31:10.380922+00:00,2026-09-16 10:00:00+00:00,2026-09-16,989.3970728264287,994.1689867981272,-10.602927173571288,-1.0602927173571253,-0.5831013201872848,-0.47719139716984954,989.3970728264287,1.1913596545603533,{}
2026-09-16 12:37:24.395269+00:00,2026-09-16 11:00:00+00:00,2026-09-16,989.3970728264287,996.6848131432683,-10.602927173571288,-1.0602927173571253,-0.3315186856731711,-0.7287740316839632,989.3970728264287,1.1913596545603533,{}
2026-09-16 13:32:26.559745+00:00,2026-09-16 12:00:00+00:00,2026-09-16,989.3970728264287,996.4053242757816,-10.602927173571288,-1.0602927173571253,-0.35946757242184546,-0.7008251449352884,989.3970728264287,1.1913596545603533,{}
2026-09-16 14:31:40.995217+00:00,2026-09-16 13:00:00+00:00,2026-09-16,989.3970728264287,996.4053242757816,-10.602927173571288,-1.0602927173571253,-0.35946757242184546,-0.7008251449352884,989.3970728264287,1.1913596545603533,{}
2026-09-16 15:30:59.924722+00:00,2026-09-16 14:00:00+00:00,2026-09-16,989.3970728264287,996.4053242757816,-10.602927173571288,-1.0602927173571253,-0.35946757242184546,-0.7008251449352884,989.3970728264287,1.1913596545603533,{}
2026-09-16 16:30:42.930102+00:00,2026-09-16 15:00:00+00:00,2026-09-16,989.3970728264287,997.1040997617184,-10.602927173571288,-1.0602927173571253,-0.2895900238281568,-0.7707026935289718,989.3970728264287,1.1913596545603533,{}
2026-09-17 08:32:35.274774+00:00,2026-09-17 07:00:00+00:00,2026-09-17,990.5726762711655,1000.3188082272366,-9.427323728834494,-0.942732372883448,0.031880822723651114,-0.9746131956071054,286.9319969118751,1.7528824970180301,"{""IITU.L"": 18.39997225846558}"
2026-09-17 09:31:49.082597+00:00,2026-09-17 08:00:00+00:00,2026-09-17,991.650934411107,1000.5982970947233,-8.34906558889304,-0.8349065588893034,0.05982970947233657,-0.8947362683616348,286.9319969118751,1.7528824970180301,"{""IITU.L"": 18.39997225846558}"
2026-09-17 10:30:49.671898+00:00,2026-09-17 09:00:00+00:00,2026-09-17,991.650934411107,1000.7380948456866,-8.34906558889304,-0.8349065588893034,0.07380948456865433,-0.9087160434579686,286.9319969118751,1.7528824970180301,"{""IITU.L"": 18.39997225846558}"
2026-09-17 11:29:55.848813+00:00,2026-09-17 10:00:00+00:00,2026-09-17,991.650934411107,1000.7380948456866,-8.34906558889304,-0.8349065588893034,0.07380948456865433,-0.9087160434579686,286.9319969118751,1.7528824970180301,"{""IITU.L"": 18.39997225846558}"
2026-09-17 12:36:40.307554+00:00,2026-09-17 11:00:00+00:00,2026-09-17,994.0429308047073,1004.3720899296549,-5.957069195292661,-0.5957069195292708,0.43720899296548765,-1.0329159124947522,286.9319969118751,1.7528824970180301,"{""IITU.L"": 18.39997225846558}"
2026-09-17 13:31:36.737480+00:00,2026-09-17 12:00:00+00:00,2026-09-17,995.5149285853846,1006.3288319053823,-4.4850714146153905,-0.44850714146154047,0.6328831905382248,-1.0813903319997735,286.9319969118751,1.7528824970180301,"{""IITU.L"": 18.39997225846558}"
2026-09-17 14:32:04.599966+00:00,2026-09-17 13:00:00+00:00,2026-09-17,996.6189269208926,1004.7913765481051,-3.3810730791074093,-0.33810730791073995,0.47913765481051307,-0.8172449627212472,286.9319969118751,1.7528824970180301,"{""IITU.L"": 18.39997225846558}"
2026-09-17 15:30:23.456507+00:00,2026-09-17 14:00:00+00:00,2026-09-17,998.8269235919084,1005.7697475359688,-1.1730764080915606,-0.11730764080916112,0.5769747535968817,-0.6942823944060365,286.9319969118751,1.7528824970180301,"{""IITU.L"": 18.39997225846558}"
